dominio,count
keensalmon.org,38
ipfs.io,31
financialalertsystem.com,23
tts7324.webmo.fr,21
bet63sss.com,19
bdoonline.personal-device.workers.dev,17
www.kkinstagram.com,16
mybdoonline.device-personal.workers.dev,16
bet73091.com,9
steamcommunllity.com,9
floral-union-7930.edgar0.workers.dev,9
royal-snowflake-7b35.https-wwww-onlinebankingbdo-ph.workers.dev,8
jvm2122.webmo.fr,8
www.immortalnight.com,8
sinaste.org,7
storspe.com,7
ntelint.com,7
yellow-star-b06c.arjuna30.workers.dev,7
bdoonline.faqs-recommended.workers.dev,7
bet73060.com,6
intecsachile.cl,6
bet73051.com,6
confirmationportal.com,6
mybdoonlinepersonal.active-device.workers.dev,6
onlinebdopersonal.mobile-device.workers.dev,6
login.0365admin.me,5
bccalumni.buenavistacommunitycollege.edu.ph,5
onlinebdo.acess-token.workers.dev,5
wordpress.demo-eur.qlick.app,5
workstation-support.com,5
sp.namepulic.com,4
accounts.marketwebb.net,4
coinbase.sendsafely.com,4
login.authorised-support.com,4
duttweilerangel6891-sidebarg165895-flarew256.pages.dev,4
notifyservice24.net,4
bet73001.com,4
www.flow.page,4
inter-pay.propertyprotegeresults.com,3
tti4792.webmo.fr,3
pay-inter.trispirittraining.com,3
bet73016.com,3
bet73046.com,3
neerajkumar151.github.io,3
us.usersp-fb.com,3
tinyurl.com,3
helppusettr.rhoa4p2bwqas7k.flashpanel.link,3
www.tcprosystem.co.th,3
mobile-devicesremoval.costumer-bd0online.workers.dev,3
s.team-u.xyz,3
www.rebrand.ly,3
rhl9521.webmo.fr,2
www.studio-taddei.it,2
protection-func.vercel.app,2
case1006brsz22deci86168-547tew-12hiep8.vercel.app,2
allm0i-1elj.vercel.app,2
www.busanopen.org,2
oworkspace-sharepoint.eastasia.cloudapp.azure.com,2
manishnasipuri.github.io,2
despite-arm-supporters-asn.trycloudflare.com,2
www.mail8.attollo.com.au,2
www.hotfix.jimpike.com.au,2
suvodip1212.github.io,2
accounts.bmwweb.me,2
rahul11f.github.io,2
t40cob0tvjp1-1oqx.vercel.app,2
onlinebdo.current-devices.workers.dev,2
deliver-local-manage-main6940251783-three.vercel.app,2
www.okde.hu,2
docs.lighting.com,2
www.insight.production.cddental.com.au,2
www.inusualinteriorismo.com,2
wesecur.freesite.host,2
www.preprod.data.cddental.com.au,2
www.mxs.caq.com.au,2
www.bi.caq.com.au,2
www.shanghai.caq.com.au,2
www.mailserver.caq.com.au,2
www.timestesol.com,2
www.secure.jimpike.com.au,2
consegna-brt-it.restodeltata.com.ar,2
www.preprod-workflow.jimpike.com.au,2
elixir-tech.com,2
personas-virtualbqcolombia.vercel.app,2
oyrxqgsmie.duckdns.org,2
hyxczuywas.blogspot.com,2
icioud.find.xanzr.cn,2
mx5.ingenova.com.au,2
instagram-account-very.vercel.app,2
accountverify-control-panel.vercel.app,2
www.smtp3.caq.com.au,2
www.prod.analytics.cddental.com.au,2
www.pbrand.caq.com.au,2
www.gate.caq.com.au,2
www.smtp.rnbt.id.au,2
edgeecoder.github.io,2
www.mail01.caq.com.au,2
www.explorer.staging.cddental.com.au,2
www.test.argo.cddental.com.au,2
www.vmail.caq.com.au,2
www.sandbox.reporting.hpsafety.com.au,2
tm-llaceo01.top,2
www.mcrguautodiscover.pyromax.com.au,2
www.integration.explore.cddental.com.au,2
www.kafka.demo.hpsafety.com.au,2
www.mailout.caq.com.au,2
www.estatisticas.caq.com.au,2
www.uat-data.qldvvmc.com.au,2
www.dev.metrics.cddental.com.au,2
www.smtp.comune.hpsafety.com.au,2
www.cadastro.jimpike.com.au,2
zarejestrujnumer.blue.pl,2
www.antispam.attollo.com.au,2
ledoivimmeba.vercel.app,2
engagement-line-seven.vercel.app,2
chatbot.page,2
www.pagbank.taxasecontratosdaconta.com,2
sp-contacts-cas-ddzl.vercel.app,2
esdgte2.pages.dev,2
usersp-fb.com,2
sanket-b-shinde.github.io,2
inuxll19fnpror2pscwjazmt3kqod80fv-hiep27b.vercel.app,2
coward-crocodile-jkx11kjm.sandboxcms.com,2
streamlined-byte.vercel.app,2
parkerking001.github.io,2
bet73037.com,2
bet73052.com,2
prevent-recurrence-jfof.vercel.app,2
functioning-lock-plum.vercel.app,2
sp-content-83gp.vercel.app,2
sp-content-1tte.vercel.app,2
dsjeqk1.pages.dev,2
kyriell-linut.fr,2
tamasktool.com,2
vicmeta.alwaysdata.net,2
assigned-dark.vercel.app,2
chase-verify.ydns.eu,2
managepci.com,2
support-mx1.help,2
www.smtp.work.caq.com.au,2
rpcaccessrefix.pages.dev,2
portal-mystore-online-support.com,2
wvhzrgbdlmnl48pnt320i9aze6xykafou-hh28b.vercel.app,2
penkey-leeb.builderallwppro.com,2
wm96ievndmtsbpotrze4qu5h0uabl3sci-th27b.vercel.app,2
vipps-login.duckdns.org,2
cleatwinaq.vercel.app,2
chak.pages.dev,2
www.uber-technologies.cc,2
avaliaplus.site,2
renshou.pilot45.com,2
jluxnagcjv.duckdns.org,2
rebuilding-funca.vercel.app,2
megassacacoi-2993.vercel.app,2
websitesalecoltm.vercel.app,2
sites.google.com,2
troublesome-favsa.vercel.app,2
case1006rklm22ufri86168-wg4g4we-hiep9t.nsdf.fyi,2
1xlite-437392.bar,2
cyberfortte.com,2
streamlined-exit.vercel.app,2
rebrand.ly,2
servilogixgt.com,2
consider-appeal-1ycf.vercel.app,2
bfg.fjg.mybluehost.me,2
steamcommnnuity.com,2
drivematef.vercel.app,2
s.digitalfileportal.com,2
translators-exec.vercel.app,2
memekefo.vercel.app,2
rsm.bdu.ac.in,2
link169-fbinbox.ubpages.com,2
sp-contacts-cas-de18.vercel.app,2
faktynagoracotv24.com,2
robobitse.vercel.app,2
inner.website,2
flipperac.vercel.app,2
hqhnmq07101.vercel.app,2
ohy6235.webmo.fr,2
hqhnmq0710-5xbe.vercel.app,2
sp-contacts-file-4rzx.vercel.app,2
ballrisewa.vercel.app,2
enforced-lead-omega.vercel.app,2
mandtlogin.pages.dev,2
ghytfrkm2.pages.dev,2
linkcuts.org,2
alice-roulette-army-shareholders.trycloudflare.com,2
wftoys.org,2
www.fremjhotfix-reporting.jimpike.com.au,2
office-encryptedfile.com,2
aibtechnology.com,2
bookish-tribble-7jk.pages.dev,2
www.knaulwww.production-insight.jimpike.com.au,2
waaae.me,2
mogalmetal.com,2
www.macbh.com,2
itstharun1.github.io,1
server478.github.io,1
soundar-2704.github.io,1
sreejith7.github.io,1
sso-en---netcoinscom---cdn-n-uath.webflow.io,1
metamsk.icu,1
pub-eb93a0707eca4e268e881e8682186d4b.r2.dev,1
haral31.github.io,1
abhinand-sd.github.io,1
web.employeehronline.com,1
fox28.masun.eu.org,1
webster-3bt.pages.dev,1
aggarwalpackers.co,1
creatic.com.ar,1
www.vagasmagalu.vercel.app,1
pub-8cb2f3c9e37348ab887c2354685a984b.r2.dev,1
ovtlp.mtbs-gg2.forum,1
barkmove.xyz,1
prueba.cpuul.com,1
cibxiie.sbs,1
rendydev404.github.io,1
devashish198.github.io,1
sonyps4customerservice.blogspot.li,1
cloud-log.blogspot.fi,1
fegr432.blogspot.tw,1
www.robuux12.blogspot.ru,1
www.amazon-site-replica.vercel.app,1
kunshhh.github.io,1
dana-indonesia.layanan-resmii.top,1
s3-us-west-2.amazonaws.com,1
d22k942h9urhpzvh.rnbt.id.au,1
dhlproductosyservicios.com,1
mfb-accountmanager-ads.ubpages.com,1
bd0online.customer-services-186.workers.dev,1
netfilix-kappa.vercel.app,1
swisssynergy.sbs,1
pushthetempo.com.au,1
system-notif-17579005829.vercel.app,1
pub-c1ba488cfa3f48d8826110d757981ec4.r2.dev,1
saqibkhan000.github.io,1
riyavardhmanjain.github.io,1
srinidhi-agni.github.io,1
shreyaghorui222004.github.io,1
anubhav599.github.io,1
cheryltimm.github.io,1
vaibhavugratara.github.io,1
mustafashaik08.github.io,1
nikmikaelsonmb.github.io,1
23cssahil.github.io,1
wap.goohf.cn,1
security.royal-aiware.com,1
deccanclub.net,1
at-paypal.com,1
abduazim10.github.io,1
5kjandoiadkad.vercel.app,1
a1yaary.github.io,1
panchami12345.github.io,1
sake-siromani.github.io,1
anriuddha1.github.io,1
1ak5.github.io,1
pub-d023dcd0136842dbbedf0c47af0a64dd.r2.dev,1
royal-sun-454b.bxnk.workers.dev,1
syedabdulrazak.github.io,1
rohit123kumar123.github.io,1
8ujoo-4.pages.dev,1
sumit-iitpatna.github.io,1
badging.it-support-group.com,1
sivareddy1223.github.io,1
arju3699.github.io,1
rogshivam.github.io,1
sallubichu.github.io,1
suraj112003.github.io,1
maliyedosyatr.org,1
umamaheswarkoilada.github.io,1
munnakumar22.github.io,1
rbxew.blogspot.rs,1
promotionsacquire.vercel.app,1
slagnajitt.github.io,1
kuberpatel.github.io,1
sanketthul.github.io,1
shrinidhi-methrani.github.io,1
neeraj-singh140805.github.io,1
shyamojha29.github.io,1
naveen22122.github.io,1
applsauce.facilities-communications.com,1
adharajoyi.github.io,1
login.facilities-communications.com,1
s3.dualstack.us-west-2.amazonaws.com,1
viaspromerica.online,1
securepdfportal.net,1
www.naturaltik.com,1
naturaltik.com,1
lgyhfxqp.whatdappd.vip,1
www.rumahucfree.zzux.com,1
flc-trading.com,1
ledguer-logon.webflow.io,1
b00099999444444444.webflow.io,1
meltamaskvvalttet.godaddysites.com,1
t-suite.web3cons.com,1
app--metamask--wallet--io.webflow.io,1
violation-policy.github.io,1
edfdc0fa5e2ae6e3c6d7156f3b2ce00c.cdn.bubble.io,1
www.shopstylerie.com,1
zobest.vip,1
paylorrg.github.io,1
bet73081.com,1
www.g.weiyian7.com,1
3333.kimberlywoodrich.workers.dev,1
sabeelurrashad.com,1
openseagid.vercel.app,1
system-notif-17579005748.vercel.app,1
www.netflix-clone-ui-nu.vercel.app,1
sanji-verified.github.io,1
mail.santanderpod.globalizeme-dublin2.co.uk,1
harish-1-bit.github.io,1
instagram-baittouuts.onrender.com,1
m.lolipoprecordsstore.com,1
dfvgbvgfre.blogspot.com,1
dfvgbvgfre.blogspot.tw,1
www.exodus.secure-pair.com,1
b45033.com,1
gettrezorsuite.webflow.io,1
beautyinstituutkralingen.nl,1
tamsin.net,1
amz912.cc,1
mall.v-kf.cn,1
attcurently4-08-2025.weeblysite.com,1
pub-34ef152cd54645d6bfb59e199b493be6.r2.dev,1
netfliixxclonee.netlify.app,1
5510001m.com,1
m.dancingmummy.com,1
bet9605365.com,1
shaw-104426.weeblysite.com,1
warningapps.sbs,1
www.ebajdfc.pilot45.com,1
shaiktareqahamed.github.io,1
barclay.vercel.app,1
ifechiii.github.io,1
sarthak-23-aps.github.io,1
t-k-shop-download.top,1
cf-1.mkuhz4h.eu.org,1
k-abhi1.github.io,1
xerexos.github.io,1
charter.it-support-group.com,1
verifiedmeme.pages.dev,1
telstra-102127.weeblysite.com,1
motamask-us-anlog.godaddysites.com,1
rtrms.github.io,1
phantom1-wallet.godaddysites.com,1
discord-d7f1pmwte-owenlikecoding.vercel.app,1
www.cloudmy-ids.com,1
im-toke9w.info,1
devalbhimani.github.io,1
corporacion-desguridad-deti.mx,1
ahv3ctpms4e.timeforsurveys.com,1
reyuehwevueirhyuiriqwbre.pages.dev,1
nawazkhan060.github.io,1
asrith-raju.github.io,1
metamskli0n.godaddysites.com,1
mikabasano.com,1
reliable-mail.com,1
juno-100024.weeblysite.com,1
staemcomrnuniltu.com,1
amazongroup.vip,1
naturalsoap.com.au,1
bet73027.com,1
s.team-mh.com,1
bet73034.com,1
start-faq-en-trezr-en.typedream.app,1
www.srv926887.hstgr.cloud,1
secure-my-blockfi-sso-auth.webflow.io,1
tk.hhgg001.top,1
kucccoin-logi.godaddysites.com,1
chasebankk.vercel.app,1
www.chasebankk.vercel.app,1
www.bussines-support-center.vercel.app,1
link1-b24.pages.dev,1
www.cbe9ac17-744b-4576-88c4-f3a61051f73.vercel.app,1
kcfgvu67.pages.dev,1
siyabhatt01.github.io,1
satyam1203.github.io,1
free-5481273.webadorsite.com,1
trezor-io-public.webflow.io,1
desentupidora.pro.br,1
service--trezor--suite.webflow.io,1
server1.attollo.com.au,1
loiu.koaz.biz.id,1
hostvita.com,1
admin.tiscali-it.top,1
mnxbbcjwshdufss.weebly.com,1
agencenationaledetraitementautomatisedesinfractions.mooo.info,1
walletsignweb.rf.gd,1
financeprizes.com,1
brentwoodelectricalsolutions.com,1
biolink.website,1
biolink.info,1
metameskwolletty.godaddysites.com,1
mail.carwrapsfl.com,1
gimenilowgoin.godaddysites.com,1
es-pecialistass.com,1
canibaseprologin.godaddysites.com,1
152744.com,1
helps-bridge-treezor.webflow.io,1
928xpj.com,1
fbnop.tahory.site,1
fbxop1.tahory.site,1
walletconnect.support,1
8877654434500773214587655.weebly.com,1
baolanjunye.com,1
mumtajkhan84.github.io,1
purchase.fattura1029.co.uk,1
iman110.com,1
655679.com,1
mxx8855.net,1
am40.1.com.ar,1
mijusugar.cc,1
mankelef.vercel.app,1
supportmetacommunity-df99.vercel.app,1
comedang.cn,1
uscelebritieswiki.com,1
2studio.co,1
icloud.meituanla.shop,1
fbxop2.tahory.site,1
faw-plusx1.tahory.site,1
faw-plusx2.tahory.site,1
fixevocalmail.wixsite.com,1
chaitechlearning.com,1
site.applerts.net,1
sathvika404.github.io,1
parthbarad08.github.io,1
bishalnandi.github.io,1
vkontakre.github.io,1
www.ellalifestyle.com.au,1
mobilebdo.account-termination-8a1.workers.dev,1
capstonhomes.com.au,1
skkushwah03.github.io,1
ephoold-loug-enz.godaddysites.com,1
www.pb36533.com,1
upholzlogiu.godaddysites.com,1
acounte-kcoinnbasse.godaddysites.com,1
logun-kuicon.godaddysites.com,1
rajvirsinh22.github.io,1
sandeepreddy31.github.io,1
edible-enraged-firewall-tesemoc.replit.app,1
uphoodlooign.godaddysites.com,1
jiolatest.vercel.app,1
ansh-kathil.github.io,1
santushtt.github.io,1
lucaspeters08.github.io,1
wavespringchase.com,1
blog.discontcomputers.com,1
loginservice.app,1
cs2bus.com,1
shop.wellhealthstation.com,1
btcomms.daftpage.com,1
2g3ew22.blogspot.com,1
2gewdf33.blogspot.com,1
uphold0logins.godaddysites.com,1
accountlivesupport-net.ipns.dweb.link,1
jksjejewwasdhdjfd.weebly.com,1
rwoolalow.weebly.com,1
payment.eq-loan.com,1
coteaqui.planosparavc.com.br,1
mwizz.leadsbr.com.br,1
zrfmlrzxaihotfix-reporting.jimpike.com.au,1
santander.learn-on-demand.co.uk,1
www.muse.io,1
secure.dhlguestmanagement.com,1
di6y7cb0tkbww.cloudfront.net,1
xfinity-108923.weeblysite.com,1
agrobiobot.com,1
automailbox-updates0255735836r5php.weeblysite.com,1
witty-sheet-370322.framer.app,1
dfre3w2.blogspot.tw,1
messaging.skeltonconstructioninc.com,1
likhithpulijala15.github.io,1
system-notif-17579005821.vercel.app,1
system-notif-17579005825.vercel.app,1
segurotestinfo.vercel.app,1
linkformmxid.xry.biz.id,1
john-0c6.mvt.so,1
sonam9650.github.io,1
6441056b613c32a9.onf6sb82y.duckdns.org,1
kucoin-usawebsite.godaddysites.com,1
cloudfoxef.vercel.app,1
studio--new-prototype-xwdnb.us-central1.hosted.app,1
attpagemail.weeblysite.com,1
mansi-agrawal-codes.github.io,1
bafkreieti7yk7oz2gq3vobxm7wbe42wtgqtkv6ibai4xjudeaisp6neysa.ipfs.dweb.link,1
telstra-105309.weeblysite.com,1
sky-100142.weeblysite.com,1
booking.page887353.shop,1
sdf22vgbfrew.blogspot.com,1
xsd11cfvr432.blogspot.com,1
dfre3w2.blogspot.com,1
bun.is,1
pirlloyt.netlify.app,1
www.instagram-sigma-two.vercel.app,1
jagadeeshram25.github.io,1
tazeenansari2023.github.io,1
shubham4dey.github.io,1
sudiphaldar000.github.io,1
shauryashah-git.github.io,1
shailendrasingh189.github.io,1
kuponbriberhadiahgratis.ytfcd.biz.id,1
yayo12.github.io,1
srihari3601.github.io,1
mmiskatul.github.io,1
isuryaprakashh.github.io,1
shahzaib695.github.io,1
www.my-own-git-main-interservers-projects.vercel.app,1
www.5mp.eu,1
utkarsh-gupta17.github.io,1
sarvajna-bhat-3.github.io,1
pub-267e75099df1409cb8ac9c2adf802a43.r2.dev,1
cosghgng.whatdappd.vip,1
farzam5571.github.io,1
vandana1322.github.io,1
securityawareness.cc,1
staging-storeloc-bnp.partoo-store-locator.co,1
faq-coinbae-en-help.typedream.app,1
frolicking-paletas-6d9a23.netlify.app,1
facturation-ameli.com,1
shanghai.caq.com.au,1
onlinebdoinquiry.myvnc.com,1
rajukr07.github.io,1
www.instagram-clone-sabitalizade.vercel.app,1
softappef.vercel.app,1
www.coinbasecontractrading.net,1
www.daffodil-sturgeon-sye2.squarespace.com,1
ledgerliveportals.firebaseapp.com,1
www.nft-luckybox26-tau.vercel.app,1
www.fnsnbnkqenbbsvrus.duckdns.org,1
shop.fbshtfs.com,1
n60kdr-ozqz.vercel.app,1
seller.ooiemkbuy.shop,1
www.headabovetherim.com,1
sso----cdn-ndax-serv-auths.webflow.io,1
case1006rklm22ufri86168-q3ge4w-hiep88.vercel.app,1
orangefr9.wixsite.com,1
www.votreinfodeconnctormess.us,1
madan901.github.io,1
onlymelmaia.digital,1
kkscript.com,1
vagafraga.com,1
childrensmn.directsmailsolution.com,1
metamak-logen.godaddysites.com,1
cbe9ac17-744b-4576-88c4-f3a61051f73.vercel.app,1
support-26236.ubpages.com,1
www.aliexpress02.online,1
peninsula.directsmailsolution.com,1
www.fuyvwwww.beta.jimpike.com.au,1
sarthakshukla132.github.io,1
platform-content-policy-5lot.vercel.app,1
test12-pi-ten.vercel.app,1
dkjfsdbs.com,1
ritik65124.github.io,1
17dnight-bxr7.vercel.app,1
metamkerloginsn.webflow.io,1
dkjfsdbc.com,1
secure--sso--robinhood-com-autth.webflow.io,1
www2.7yw95el.eu.org,1
filedn.com,1
28bb370b-fb60-4d1f-b8b0-03e23cdd9a0c-00-2n1e2pt7n2oq6.janeway.replit.dev,1
www.radhanathswamimedia.com,1
help--livve---lederee.webflow.io,1
newprofilesversion.weebly.com,1
mysevices3-b3b87f7137a2.herokuapp.com,1
206-123-145-125.cprapid.com,1
cake.adaptivesuite.cloud,1
www.acbdegf.pilot45.com,1
acbdegf.pilot45.com,1
gets.special-offer1.com,1
www.385c907e-b853-4c09-bd23-c5a8fd1debb.vercel.app,1
www.access-log-compressor.vercel.app,1
www.scope-consent-purger.vercel.app,1
pst-inklaring.duckdns.org,1
www.difmazatlan.com,1
ebayi.site,1
social.wendyp.top,1
mysevices1-70f068f9bc6c.herokuapp.com,1
mysevices5-3a524cc9cfcf.herokuapp.com,1
mail.appie.support-mx1.help,1
appie.support-mx1.help,1
www.bet365365.me,1
cpdesignconstruct.willowcreekgolf.icu,1
pub-4b2df6f69ef546de9ed65b0effd854b6.r2.dev,1
login.lloydsbankingpensiondocuments.com,1
pinbo69.com,1
1111365zw.cc,1
bafybeiflgtu3twyk4cgc3njwdm3hvl3r73rw3dwhz4tzt5dihzlsnjpndy.ipfs.dweb.link,1
id-handel-mobilede.distribuidorawg.com,1
habrixa.vercel.app,1
www.ahd.pqz.temporary.site,1
discordclone-assesment.netlify.app,1
cloud-documentation-085a51-0b2ecf.netlify.app,1
dinanshu2006.github.io,1
obishake.github.io,1
ud-coder.github.io,1
aktifkan.stpp.web.id,1
lu-mechanism-says-spirituality.trycloudflare.com,1
eric-smst.mizum.site,1
bbva.stockbrokers.com.mx,1
maintenanceahnsnna.weeblysite.com,1
elebethee.wixstudio.com,1
wap.adidai.com,1
shubhangi2606.github.io,1
zh-imtoken.org.cn,1
ldiscord.vercel.app,1
help-service-1800--sigma.vercel.app,1
www.ledgerusersupportlive.com,1
www.elka.lat,1
pub-b363eebd12344c2987bfc6e1c604a13d.r2.dev,1
www.fraskos.com,1
dpd.fanee.vip,1
7j6ha-fff.wasmer.app,1
learn-coinbase-chrome-extension.typedream.app,1
wallet-hub-coinbase-faq.typedream.app,1
claimrblx10k.blogspot.com.tr,1
trseurwallyte.webflow.io,1
login-stream-outlook.com,1
i--trustcapital--comm--h-auth.webflow.io,1
sso--i-trustcapital----com-help.webflow.io,1
my--sso-itrustcapital--com-cdn--p.webflow.io,1
my--app--itrustcapital-com--cdn-auth.webflow.io,1
www.pseaze.com,1
bafybeibnkcf3t5gnn73ws6mzy3ntctlha4dzc6wkkhrzypck6uzdth37pm.ipfs.dweb.link,1
vbgjww.hh8sfwsx.cf,1
saiteja2209.github.io,1
gimeniloygoin.godaddysites.com,1
trsoriiostarrt.webflow.io,1
afefar.blogspot.tw,1
bafybeiadzhoytqx6ljz6hvzg5yhtaqpjrb5qkzu4cfs7ruzuzxzt5mayk4.ipfs.dweb.link,1
metamask-docs-r3bznd289-metamask-web.vercel.app,1
coinbaseenwallet.typedream.app,1
itrusticapital-logini.weebly.com,1
trust-wallet-restore-lu4h.vercel.app,1
nr-c.valmitopr.top,1
metaimask-wall-llog.godaddysites.com,1
trezor.assets-en.com,1
mail.shelka-sanat.com,1
gew2f333.blogspot.tw,1
login-office-files.vip,1
365p06.com,1
pub-12e87c331352468ca1d6c19adf1c7eff.r2.dev,1
iitrusti-capitallogix.weebly.com,1
www.id-handel-mobilede.distribuidorawg.com,1
pub-fbb8b9a22b2647a18d1781befb1e70f2.r2.dev,1
junomaihhfgfghyt.weebly.com,1
pub-6cb9034afc1e42e08310e08af6ac6320.r2.dev,1
adsupp.ac.nz,1
lianshui.pilot45.com,1
pub-22cd87913c484496a71b7d21d6243800.r2.dev,1
zaap.bio,1
wellsfargobanklogin4.godaddysites.com,1
verificacin-de-cuenta.com,1
mohitkumar64.github.io,1
juno-update-9d2519.webflow.io,1
www.y60ajjc.duckdns.org,1
itrustxcxapitalxloginn.webflow.io,1
config-sync-daemon.vercel.app,1
rouxx90.blogspot.com.mt,1
omfgtizdie-sad.blogspot.com,1
omfgtizdie-sad.blogspot.de,1
todaylucky4you.xyz,1
sso-ca-ndax-com-join.webflow.io,1
secure---blockfie-sso-cdn.webflow.io,1
rouxx90.blogspot.pt,1
business.access-flow-now.com,1
rouxx90.blogspot.com,1
qp.opentradeprog.site,1
watsap.froisim.com,1
tanishr28.github.io,1
www.website-bantuanofficial.duckdns.org,1
zainabiqbal10.github.io,1
start---ledgyr-m--auth.webflow.io,1
wap.eftgcl.cn,1
m.awninginfo.org,1
metamosklogein.webflow.io,1
luckyboy6.com,1
www.bbk0ku.duckdns.org,1
termstrackersecurity.vercel.app,1
policies.soffttek.com,1
rouxx90.blogspot.co.uk,1
dhl.de.synthwave2.icu,1
61leandro-velazquez89.crabdance.com,1
54jeremiah-lynch78.crabdance.com,1
metabizgateway.com,1
long-pirate-5840.typedream.app,1
rouxx90.blogspot.jp,1
rouxx90.blogspot.li,1
ideaformac-ten.vercel.app,1
crowe-my.com,1
rouxx90.blogspot.co.il,1
oakjf.registid.com,1
metazenithglobal.com,1
agreeable-experiences-288712.framer.app,1
web-base-logi-com.typedream.app,1
aybyji.mobi,1
krishnakant333.github.io,1
o551000.cc,1
mobapay.offerspecialz.com,1
aybyhi.mobi,1
digithexora-fluxondom.shop,1
www.transitlineofuniverse.weebly.com,1
www.grupobancolombiasucursalvirtualpersonasdfs2023.weebly.com,1
www.dkkdjhdjhduxux.weebly.com,1
lonos-business.vercel.app,1
replicas-yaml.vercel.app,1
bafybeih2gfnjdhhabsfqj2menb5eoli7ecxoaroq6uwxhw4evf7gp7vwpi.ipfs.w3s.link,1
kup0nku-briziweb.world,1
imtokan.im,1
5678099.com,1
instagram-clone-3vwz1hzbz-iamhiman.vercel.app,1
dev-001402199720325.pantheonsite.io,1
wefrgbtre.blogspot.com,1
site-netjlhl61.godaddysites.com,1
calos.vercel.app,1
mettiamaekwxlletix.godaddysites.com,1
att-itemmanager.archway.com,1
www.ohfreegames.com,1
t.co,1
metmaski-loogan.godaddysites.com,1
coinubesseisprologi.godaddysites.com,1
shwacamailwkgmlip1dhv9y.weebly.com,1
www.bbva.stockbrokers.com.mx,1
phoenixrm2.686911.xyz,1
coinbase-eng-extnsion.typedream.app,1
p---sso-coinbase-auth--auth.webflow.io,1
www.crispy-succotash-bice.vercel.app,1
hvsigeb2.azurewebsites.net,1
docs-suite--trezr-cdn.webflow.io,1
my-business-106023-108969.square.site,1
designftp.com,1
legdrecom--start--us.webflow.io,1
a-100779.weeblysite.com,1
moti-mksk-logeiyz.godaddysites.com,1
zhong.pilot45.com,1
wp.pilot45.com,1
yongzhou.pilot45.com,1
www.facebook-ruby.vercel.app,1
tiktokhosting.net,1
www.3011s3011.com,1
lonos-mail-bisiness.vercel.app,1
facebook-center-support.vercel.app,1
wap.hcgdxs.cn,1
www.3011m3011.com,1
astrospace.com.tw,1
www.3011w3011.com,1
www.3011h3011.com,1
www.afefar.blogspot.tw,1
mdsoft-crypt.firebaseapp.com,1
l551000.cc,1
io-trezor-start-app.webflow.io,1
www.get-foryou-50k.blogspot.com,1
www.aefr31.blogspot.com,1
uphioldlgion.godaddysites.com,1
dana-indonesia.ressmii.top,1
imtcoken.im,1
unitedstatesairsoft.com,1
cesihyoun.icu,1
treazuir--bridgeje.webflow.io,1
cdn-b--bybit-coms-auth.webflow.io,1
sso-bybit-login-auth.webflow.io,1
trrezorhiuardwareweallet.webflow.io,1
itrusstcapittalloginne.webflow.io,1
gordionhealth.com,1
dhl.servirtual.cl,1
m.ebonieandivorie.com,1
gsx2-portal-aasp-manager.com,1
mtemask-extension.weebly.com,1
doc-secure-trazor-sso-auth.webflow.io,1
kucoiniexlosginie.godaddysites.com,1
coinbaselogindesk.blogspot.co.il,1
get-foryou-50k.blogspot.com,1
page-test-u5u.pages.dev,1
www.tiktokshop999.vip,1
sonyps4customerservice.blogspot.kr,1
32gew33.blogspot.com,1
m.bitcoinmena.net,1
23gewd33.blogspot.com,1
23gewd33.blogspot.tw,1
identifiez-vousavecvotrecompte1.godaddysites.com,1
gnav-8j0.s3.us-east-2.amazonaws.com,1
www.5810009.com,1
trezoir.connects.us.com,1
trezor-suites.biz,1
currently67489393.weebly.com,1
leadger-live-luogin.webflow.io,1
y6.kiejywj9.sa.com,1
www.is.gd,1
asistant.ddnsking.com,1
site-o4wqscwmp.godaddysites.com,1
business.confirm-route-check.com,1
www.claimrblx10k.blogspot.com.eg,1
www.1wrmd.com,1
layanan-resmi.dana-indonesia.top,1
gohicj909.s3.ap-south-1.amazonaws.com,1
homd-j.s3.eu-north-1.amazonaws.com,1
shopees.mgcccj.com,1
hsgsydy.wixsite.com,1
canbseprolagon.webflow.io,1
start--lieggerlive--woleth.webflow.io,1
public-coin-base-support-help.typedream.app,1
87558dhy.vip,1
xfinitycable.weebly.com,1
site-gkmoj2twe.godaddysites.com,1
naturatv.ro,1
kuekoinlogioon.webflow.io,1
www.p36599.com,1
petshub.uk,1
help----content---ledger.webflow.io,1
kjhgt55555555555.blogspot.com,1
kjhgt55555555555.blogspot.cz,1
loginekuecoene.webflow.io,1
ccoiinbasae-pro-zxzz.godaddysites.com,1
ledgerprovisionlive.com,1
wirett.weebly.com,1
iutrustcapital-login.webflow.io,1
zsdxgt3.pages.dev,1
auth--docs--official-ledgerus.webflow.io,1
respena.weebly.com,1
www.musepay.io,1
trezrsutelgin.godaddysites.com,1
wap.recihui.com,1
trtrezohardwarwait.webflow.io,1
dfdewdefgf.blogspot.com,1
cuiinbaseeproologizz.godaddysites.com,1
worldshawn.weebly.com,1
promocaodiasdopais.myshopify.com,1
indicadosnet.site,1
fbntr17.my.id,1
coinbase-pro-log1.godaddysites.com,1
idhandel-mobile-de.tinycraftsmen.com,1
mercadolibre-web-demo.vercel.app,1
verifiedpoints.weebly.com,1
www.system-notif-17579005825.vercel.app,1
www.system-notif-17579005821.vercel.app,1
www.openseagid.vercel.app,1
www.system-notif-17579005748.vercel.app,1
secure-blockfc-doc.webflow.io,1
currentlymailloginupdatersecduredhfgjhggw.weebly.com,1
help--suport-ledgre.webflow.io,1
projetomercadolivreversaoromulo.vercel.app,1
grupocopesa.com.mx,1
nboabnk-001-site1.qtempurl.com,1
coinbaselogindesk.blogspot.md,1
metaforwardlink.com,1
kucoin-loggiin.godaddysites.com,1
dheo96.github.io,1
go.ly,1
bitly.cx,1
help--kucoiinn-logie.webflow.io,1
robinhood-com-account.typedream.app,1
stariinger.com,1
www-home-robimhood-com-authd.typedream.app,1
web-robinhood-login.typedream.app,1
robinhood-login-rob.typedream.app,1
web-robinhood-home.typedream.app,1
web-robimhod-com-authd.typedream.app,1
sso-robinhoodcom-login.typedream.app,1
secure-apps-robinhod.typedream.app,1
support-robinhood-docss.typedream.app,1
web-rombinood-com.typedream.app,1
sso-robinhood-cdn-com.typedream.app,1
robinhood-com-autth-public.typedream.app,1
startetreor.webflow.io,1
docs-treozr--iostart-us.webflow.io,1
sso-itrustcapital---com---autth.webflow.io,1
mestoken.me,1
canadaa-ndaxlogix.webflow.io,1
help-trazihardware.webflow.io,1
warnock.net.au,1
cjpqb.com,1
assistantmode.webredirect.org,1
muskan0610.github.io,1
vini-270.github.io,1
aupossstttt.top,1
y60ajjc.duckdns.org,1
mailhost.caq.com.au,1
mta1.kathypope.id.au,1
www.jiolatest.vercel.app,1
www.ng0jw0rijs.bbk0ku.duckdns.org,1
sajid055.github.io,1
darkegale.github.io,1
metuamssk-logiye.godaddysites.com,1
vue-whatapp.vercel.app,1
dev-965822mm.pantheonsite.io,1
www.defg432.blogspot.com,1
ledgeruserprotectlive.com,1
sso----i-trustcapital-com-autth.webflow.io,1
bntuan-dana-id.dcad.my.id,1
wswjadminin.com,1
www.suchen.mobile.de.meine-fahrzeug.de,1
cdbgfxg.com,1
free-5479882.webadorsite.com,1
free-5464113.webadorsite.com,1
gbeirewa.weebly.com,1
dhlsupplychaintest.earcu.com,1
ledgeerlive--securee.webflow.io,1
op3pay.com,1
met-metamask-lgggininu.godaddysites.com,1
geninimlogin.godaddysites.com,1
horse-gazelle-2782.typedream.app,1
ledgreeive-app.webflow.io,1
m.download3dsgames.com,1
rfp-documents.com,1
capital-itrustlogin.weebly.com,1
v1-ledgerlive.netlify.app,1
shoaibtechs.github.io,1
giveawayeventrewards.top,1
meine-fahrzeug.de,1
www.rouxx90.blogspot.se,1
www.metamask-connect.digital,1
sso-us-itrustcapital-cdn.webflow.io,1
slow-spring-rapping.on-fleek.app,1
robinhood-com-autth-sso.typedream.app,1
web-robinhood-app-auths.typedream.app,1
secure-robinhood-com-autth.typedream.app,1
robinhood-login-info.typedream.app,1
sso-robinhood-com-autth.typedream.app,1
www.bep-365.com,1
define-rovinhoud-crypto--secure-app-signnin-offici.typedream.app,1
secure-robinhood-login.typedream.app,1
sso-robinhood-login-com.typedream.app,1
home-robinhood-webs.typedream.app,1
teach-robin-hoood.typedream.app,1
web-robimhood-home.typedream.app,1
www.agripro-tracteur-564478.com,1
learn-robimhood-y-my.typedream.app,1
https-secure--robinhood-auths.typedream.app,1
https-app--robinhood-auths.typedream.app,1
enmazon.com,1
www.2fa.marsai-presale.com,1
2fa.marsai-presale.com,1
bd0support.devscenter.workers.dev,1
cn.1mebetx.com,1
airbnb-frontend-beryl.vercel.app,1
citoer.sbs,1
pajem76668.wixsite.com,1
fareadstcafe.wixsite.com,1
upgrade0187.wixsite.com,1
ciapneiwan.cc,1
boitemessagerieale.wixsite.com,1
banru.nauportal.com,1
chiragrajoria.github.io,1
pub-7fba1b15f67c48dab9fed7ef0dc5513b.r2.dev,1
iman751.com,1
sparesimongroup.wixsite.com,1
atyyytttklo.com,1
control-framework-review-lab.pages.dev,1
pub-da5f65720a8341b6afcb5e585db11690.r2.dev,1
loginmailaccount1.wixsite.com,1
pub-fd5baa54f2714f068701be4a7563f2de.r2.dev,1
pub-238f01dd643c42f082469a85feccfb1c.r2.dev,1
wkazisan.github.io,1
aedfdtuy.wixsite.com,1
akanksha3012.github.io,1
askewi3010.wixsite.com,1
pub-de59803496c8489585895b6917266e7c.r2.dev,1
www.veeradalaw.com,1
faizankhan0408.github.io,1
atobi432.wixsite.com,1
wellyngtonkuhn.github.io,1
attvoicemail-unito.wixsite.com,1
www.ales.nysa.pl,1
sultan-raza.github.io,1
loginaccount15.wixsite.com,1
www.snapto.link,1
salam228.wixsite.com,1
mtalha21.github.io,1
netflixsupportcenter.compla.pl,1
dcsimii.wixsite.com,1
pub-519769e9eb634616b1746c2018641d56.r2.dev,1
katelove499.wixsite.com,1
s.eu.premiumisp.net,1
webmailservice08.wixsite.com,1
bafybeifaepewbypikaxmjs6hipa3unjqoqggurgxnzcqomfqkawatnyztm.ipfs.nftstorage.link,1
orangveri.wixsite.com,1
vandb4447.wixsite.com,1
loginscreen-unitac.wixsite.com,1
havkeye14.wixsite.com,1
risk-management-review-hub.pages.dev,1
bafybeia4igjvdpiffwpzhr2dhgggk3v6h3eegudd544tesaboiqvq7kjve.ipfs.dweb.link,1
www.gwenet.org,1
sjhdoirrsjx.wixsite.com,1
bafybeieppcmmshlcnlffkhlsrabpgrqcj6z6jtpjux6mqkmwvx2hnvgqmi.ipfs.nftstorage.link,1
soumya252000.github.io,1
auth-docsign.weebly.com,1
pub-a5d693aae13141eba692c69827d64a0f.r2.dev,1
doodleyroo.com,1
lumiereporte9.wixsite.com,1
svckhc.wixsite.com,1
dsj209.wixsite.com,1
sbcgloballink445.wixsite.com,1
pub-aa456431547a4e28948699d7c6a22006.r2.dev,1
whare.100webspace.net,1
pub-daaf0f3c335c477184cc201bdc5b89b3.r2.dev,1
rellis0729.wixsite.com,1
resultmenowxx.wixsite.com,1
clifforddaniells.wixsite.com,1
onwenlad.wixsite.com,1
pub-5f11b9974e614f609e3a198a30489fef.r2.dev,1
ljsherrm.wixsite.com,1
pub-8276494512bd4f1c9323c95cdab91fdd.r2.dev,1
pub-6b898b25dccb43a8b9fd13efe75efaf8.r2.dev,1
monirshouvo.github.io,1
ee-account-home.firebaseapp.com,1
isaacmodale.wixsite.com,1
bafybeig7gixmihmnga7eeqtbjym5irsnpntbq7cdv47o53jd5jxu33boey.ipfs.dweb.link,1
kitewinder.fr,1
bafybeig7gixmihmnga7eeqtbjym5irsnpntbq7cdv47o53jd5jxu33boey.ipfs.w3s.link,1
bafybeiapkcn6sldfmxdp34cwjm7stcl74oj4ridkg6yr6eer2fprvz6klm.ipfs.dweb.link,1
auth-sushi-swap-net.webflow.io,1
bafybeidrw56gpemu4wykubgra7lzo6msq3x4q3ky4bufavz2sxoprspipu.ipfs.dweb.link,1
xfdnaisx.psatxrsmi.my.id,1
help-coinbsse-extension.typedream.app,1
jimenezbill.wixsite.com,1
bafybeib3luzjqeg3vtc6itizc72ppqqkndo6hkzmkldbaqhv34lcfydyee.ipfs.dweb.link,1
messagevocale888.wixsite.com,1
pub-3201b0059e074b9486139d100a5af429.r2.dev,1
bafybeigwiwj44spjbfed7dmvshphdkjqnowtpxaxmqdlnq2elqzqedmdmq.ipfs.dweb.link,1
dianecadei8.wixsite.com,1
aks34.github.io,1
t0mzyy.github.io,1
dlhessell.wixsite.com,1
its-harshal.github.io,1
again65497-outlooking-valitaded-mailbox91828734.weebly.com,1
shawmailboxservice4.wixsite.com,1
exchangemlbb.event-redeem.com,1
www.kishvandnews.ir,1
outstanding-way-778651.framer.app,1
validateonmainnet.web.app,1
uphlold-llogijn.godaddysites.com,1
pub-66e912b43770436882b334d11d691328.r2.dev,1
pub-b7fda1e0060f418199431736a36c9d53.r2.dev,1
pub-f7edd89a736e48428172001b0b1906fe.r2.dev,1
pub-e3bfeaa6bcd34e0dadf2c3380a0824f3.r2.dev,1
ryanml.github.io,1
app.mnuebay.top,1
www.roberthood.net,1
pub-eb03e594738b420c8a34cb7366d9f29b.r2.dev,1
pub-485c938c1a1b43b2bbc5b99155f2de68.r2.dev,1
www.baradua.it,1
armandopx.github.io,1
pub-d71709b11f304e0b87fe3275219dc568.r2.dev,1
www.ahhhh.pe.kr,1
austin4370.github.io,1
www.trigondigital.in,1
www.webuyworkshopequipment.com,1
pub-45443e52ea1e42f685b545f66b8b807a.r2.dev,1
www.themilgroup.com,1
nodes-walletdapps.pages.dev,1
pub-56f667a126c243baaf8d2dc27eb25fe4.r2.dev,1
www.metamask-docs-git-infuracreditpricing-metamask-web.vercel.app,1
ayihd.github.io,1
cezamahkemesi.com,1
bet73070.com,1
mariepatrouxprofilface1709.x10.mx,1
birehlibrary.ps,1
phantomus.web.app,1
hqi.waapb.icu,1
www.ledgerconfiguration.com,1
www.bcs-trust.com,1
sg.answers.quantarchive.com,1
validateonmainnet.firebaseapp.com,1
allm0i-4wi2.vercel.app,1
shuoboonline.com,1
robux10k.vercel.app,1
www.devicemeter.com,1
www.ledgarlive.dydx-logi.com,1
ledgarlive.dydx-logi.com,1
www.mycoinbase-account.help,1
coinbaselogindesk.blogspot.my,1
formsly-form.web.app,1
pub-00bef5f99dab49e39fc5ca6f34eab29a.r2.dev,1
radhikamd.github.io,1
pub-4e9d559e11c54314b7639d20c3d13682.r2.dev,1
stephen55687.github.io,1
pub-28e193ca593a467bbd1e0232a73a5680.r2.dev,1
pub-80fb550826904a048a5391946ef49a69.r2.dev,1
urmilagome.github.io,1
cajewar736.wixsite.com,1
pub-8b8de6dbc21b4bb49ceaead3297322f4.r2.dev,1
perso8764002.wixsite.com,1
sedosexu.wixsite.com,1
lemedab246.wixsite.com,1
recouvrementtutiac.wixsite.com,1
kraftuns.com,1
athigengamuthu.github.io,1
hfhfyejkwsu.wixsite.com,1
sjkxxxhjh.wixsite.com,1
memcmcm.wixsite.com,1
swatteam219.wixsite.com,1
dalipthukral0.wixsite.com,1
jimills2855.wixsite.com,1
pub-1f1a35f8dc62417ca5074987edc3aa1b.r2.dev,1
chambalin.wixsite.com,1
louwall12.wixsite.com,1
xavier6709.github.io,1
salmanfarsi01.github.io,1
pub-ac9a92367c8548748bc2819d5c738f15.r2.dev,1
pub-135a4055f8454025aa2f06845da4f8d8.r2.dev,1
www.hollykim.com,1
pub-328b2c608f85458baef54afef68fbb4a.r2.dev,1
i57365.cc,1
itrustcappitallogiin.weebly.com,1
pub-55e3e997548a46879ee19f4d494309d6.r2.dev,1
www.nbbroker.az,1
pikay13.github.io,1
www.everestmotors.com.np,1
huynguyen2k.github.io,1
www.ariteger.com,1
pub-ba357d95075c4d879b3d01b38b24ecc6.r2.dev,1
webmailalertservic.wixsite.com,1
doneseatonerielog.wixsite.com,1
yairix.github.io,1
www86365.cc,1
pub-9839470418254b29962dec4220c83255.r2.dev,1
tellmeliu.github.io,1
taher-mohamed-ahmed-saad.github.io,1
victorarath99.github.io,1
pub-97673970c1c145eda5e559c4f9c18f61.r2.dev,1
saigais.com,1
6h02.com,1
test.tkmallcenter.com,1
carefulhappyends.com,1
verificacion-y-protectmail365.github.io,1
pr3v3r.github.io,1
our-deepak.github.io,1
ajayy-singh.github.io,1
avirup2011.github.io,1
accounts.maxweb.ninja,1
marketwebb.app,1
www.eqbnkmpny.vercel.app,1
mobile-bdo.com-ph.cc,1
bdo.com-ph.cc,1
www.segurotestinfo.vercel.app,1
www.42gwef33.blogspot.com,1
bet73003.com,1
98721.lgbt,1
itrust-capitallogi.godaddysites.com,1
m.activeselfie.com,1
vodafone-lauf.de,1
cr-rs-metaacccaountscenterrhelpverify.pages.dev,1
securelogin-att-1-01-9-33.weeblysite.com,1
iteustcapitallogan.weebly.com,1
coinbaselogindesk.blogspot.fi,1
keshav2507.github.io,1
coinbaselogindesk.blogspot.cl,1
coinbaselogindesk.blogspot.com.mt,1
coinbaselogindesk.blogspot.tw,1
coinbaselogindesk.blogspot.cz,1
coinbaselogindesk.blogspot.com.eg,1
bafybeic27h4b7pssb4ppb2mxay25oithzhr2wtveglxawveylhymab6x6q.ipfs.dweb.link,1
drive.timc.workers.dev,1
pancakeswap-finance.serveftp.com,1
tap03647gg.top,1
armintun.pages.dev,1
kuroneskoyamato.sbs,1
afreenjalaludheen-cloud.github.io,1
npcvekgvsz.duckdns.org,1
wh1467356.ispot.cc,1
www.demande-de-confirmation-lbc.fr,1
replicanet.netlify.app,1
karthikeyanweb.github.io,1
evergreen-egy.com,1
outlook-live-authworkspace-organizationsigninge39f93meea.com,1
nhhkl.blogspot.ca,1
steamcommurnrity.com,1
xfinitycare.free.site.pro,1
theredeemer.pages.dev,1
www.auth-docsign.weebly.com,1
www.again65497-outlooking-valitaded-mailbox91828734.weebly.com,1
www.splashofgould.co.uk,1
pub-a3e7b4d7b2814df69bfe59666c8ec9fa.r2.dev,1
pub-dac96af3ecf2427a8011e0c99452b5eb.r2.dev,1
eu.jotform.com,1
pub-7c8b90ed4c844aa8bb802a5cd3c0491b.r2.dev,1
pub-63276fae86204ca99b8a5f0c2aae36fa.r2.dev,1
pub-093c0a39cbe24c649a4879747cdd12e0.r2.dev,1
pub-6e78fe19b4cc4063a7a5ce48d860554f.r2.dev,1
klightphotography.com,1
pub-4ac7699807b740a8b55394316c77b197.r2.dev,1
shruthibharadwaj.com,1
pub-efff273419e34e7c8754dbbc2bc6ff12.r2.dev,1
d35bfgdssu183b.cloudfront.net,1
portfolio-kucoin.webflow.io,1
trezoreharedwglet-login.webflow.io,1
cryptofixpro.live,1
ad-account-guard-center.pages.dev,1
sso--en-netcoinscom---cdn-n---uath.webflow.io,1
trackxlink.com,1
6hcp6.cc,1
pub-bf410a88ec67437fb183b22f87a37d63.r2.dev,1
store.steampowered.app1928502.com,1
www.jksjejewwasdhdjfd.weebly.com,1
airpods-apple.netlify.app,1
strt--com--leidgree.webflow.io,1
leger-com-staeert.webflow.io,1
www.rwoolalow.weebly.com,1
kamelecom.fr,1
oceanengineering.unhas.ac.id,1
pub-14b5071e5a78406a9a92a00be9141089.r2.dev,1
www.ddduiz1.top,1
pub-ec5ded36a0e64c7e9b54f2729e83f38d.r2.dev,1
www.mnxbbcjwshdufss.weebly.com,1
pub-bd19890e779a429487e9e9bdb291be2d.r2.dev,1
tap0201zqy.top,1
tap037075x.top,1
tap025829w.top,1
www.netflixsupportcenter.compla.pl,1
unicreditcontrollosicurezza.com,1
iyushkhandelwal207.github.io,1
dcmetlhot.wixsite.com,1
netflix-gpt-jack.vercel.app,1
www.live.jimpike.com.au,1
www.ssausroot.caq.com.au,1
www.production.dashboard.jimpike.com.au,1
www.beta.jimpike.com.au,1
ftp.eccolo.com.au,1
smtpauth.attollo.com.au,1
www.bi-qa.jimpike.com.au,1
bafybeigmhqjxwboaucbgnrv7avsl66zkpzrxoojof2j6igh7jczusryb4q.ipfs.dweb.link,1
preprod-workflow.jimpike.com.au,1
sso--itrustcapital--aauthh.webflow.io,1
mail46.caq.com.au,1
goodgovernanceghana.com,1
im.caq.com.au,1
book-delta-sooty.vercel.app,1
secure.store-apple.uhv456.com,1
activate-loop.vercel.app,1
geminimgloginn.godaddysites.com,1
whatrsapp.cc,1
b45079.com,1
vps.caq.com.au,1
www.rackspacliningsmaservico.vercel.app,1
bet73063.com,1
www.netflix-gpt-jack.vercel.app,1
attmailsecurepagel.wixsite.com,1
hjdnshu.wixsite.com,1
arafathrumman.github.io,1
kdotts1.wixsite.com,1
www.ultrafima.com,1
anjalijha167.github.io,1
www.otomoto-h229.net,1
pub-12823fbd443740db82cdf220f279156a.r2.dev,1
pub-9d425aa9335c4307a502c0721d499bdd.r2.dev,1
pub-7be95ce02232456db08522b3d3c99765.r2.dev,1
bafybeialhrwzqxqwwecyjmub6gn4ehoajt64dcpsaxtu6b5ier4zowx3de.ipfs.w3s.link,1
pub-cb72691642c444eb900a44aa1d8a7107.r2.dev,1
www.kanny.com.vn,1
www.merenciano.net,1
pub-735053a4f94644cb81eb8a9ea49c452f.r2.dev,1
pub-16499d352cc14fe4b8cdf064bb205547.r2.dev,1
lombado411.github.io,1
titanssecurities02.wixsite.com,1
findmy-id.help,1
thatssewcindy1.wixsite.com,1
promerrr.vercel.app,1
sid092005.github.io,1
c-r-r.com,1
crisfooddigiverse.com,1
kavisha007.github.io,1
ma7moudlaith.github.io,1
www.888365168.com,1
beadsforlife.com.np,1
dana-id.layanan-resmii.top,1
t2x3.biz.id,1
santader.vercel.app,1
flixgpt-b669c.web.app,1
secure--blockfi--sso--cdn---bni.webflow.io,1
quowewajequei.vercel.app,1
sandhya187.github.io,1
net-home-flix.github.io,1
ayushman-6661.github.io,1
mixim.keenetic.name,1
kjt365.yunwing.vip:8989,1
bafybeigcfh45ff3mwv57hhh5jondj5vn3nwnm5fejbcb4krijzdcsmiawe.ipfs.dweb.link,1
bafybeic4a554h6lw45trnafw5pkgi4exrxj5kvcl6ldnjzuqvait5fsl5y.ipfs.dweb.link,1
webxclaims-danax-xhadiah.tt3mr.my.id,1
dappsprotocol.srip.ink,1
ww2.a29e2y4.eu.org,1
dragindiana8.github.io,1
netflix-nine-alpha.vercel.app,1
piyushpuroit.github.io,1
sn13a7128go4y38n.attollo.com.au,1
gamini-logg-in.godaddysites.com,1
coinbaselogindesk.blogspot.kr,1
kucooienleginnss.godaddysites.com,1
sdfvgbfrew.blogspot.tw,1
my-site-108720-104338.weeblysite.com,1
my-site-104474-108613.weeblysite.com,1
aiirbnb.xyz,1
att-106359.weeblysite.com,1
marketing-104388aeid.weeblysite.com,1
att-6cc14a.webflow.io,1
case1006rnt5d2ufri87561-xcvbdgertg34fgsd-hieu1308.vercel.app,1
lofood.icu,1
ppl.ppoollk.top,1
nwposten.autos,1
miittra-registrasi-pgn.craet.my.id,1
uspc01.cc,1
2.788897.xyz,1
phantomus.firebaseapp.com,1
bafybeihsqjfzal53j5cvpqul4yesvfagtfrqff65q2kpyfpqk7drp24wuy.ipfs.dweb.link,1
jay-ze.github.io,1
mail-bounce-tracker.vercel.app,1
bridging-plug.vercel.app,1
display-local-manage-main7305182964.vercel.app,1
site-0kozkr163.godaddysites.com,1
secure.store-apple.waq394.com,1
appleid-mypan.link,1
fashionstidio.com,1
www.nnofo6t9qwqyhrbs.argo.jimpike.com.au,1
memberattsrrl.weebly.com,1
metamskylogib.webflow.io,1
www.enatc.vercel.app,1
barclaycard-logi.godaddysites.com,1
www.enttc.vercel.app,1
www.info-fb-submit-request-now.vercel.app,1
indiapost.gov.ykoil.top,1
logungemici.godaddysites.com,1
staencommunity.com,1
steamrar.com,1
82153coinbase.com,1
himanshikhattri.github.io,1
ashraf7002.github.io,1
user-privacy-protection-no1078-hsji.vercel.app,1
approval-make.vercel.app,1
365.505-606-707-808-909.canyijm01.com,1
support-2915.ubpages.com,1
bafybeiawvbxwvvxt5ua3jkio2njx2m4jgkfihoiorfx4detu2pjlqj3o7a.ipfs.dweb.link,1
xshakkd-xuia.kpnx.mom,1
rouxx90.blogspot.co.nz,1
accounts.marketwebb.systems,1
xformdnainz.pusatwebs.biz.id,1
raqi-gamer.github.io,1
metabizconnectpro.com,1
numerous-influence-371818.framer.app,1
www.actvacionbofa092.iceiy.com,1
www.tzkon.im,1
www.edacbgf.pilot45.com,1
www.netflix-clone-six-pi.vercel.app,1
www.acegbfd.pilot45.com,1
www.portal-validaciones.vercel.app,1
lhvj.kurmasana.de,1
xtvl.tap24179wh.cc,1
uhoriabackrawgiro.top,1
y.pilot45.com,1
xinyi.pilot45.com,1
xzdnaindkz.nvia.biz.id,1
yashshuklaa001.github.io,1
legolasgreenleaf1999.github.io,1
www.zahnarzt-lwl.de,1
starstraf.com,1
chandini1903.github.io,1
gemini-logoiniuz0.godaddysites.com,1
wap.picue.net,1
mitamxk-longn-us.godaddysites.com,1
dharmii.github.io,1
bdoonlineee.supports-system.workers.dev,1
codingwithsiraj.github.io,1
predictable-company-245867.framer.app,1
onlinebdo.recent-system.workers.dev,1
mxx8866.net,1
www.fagebook-login.vercel.app,1
mackrose14.github.io,1
myixi-power.com,1
sap0958gjy.cc,1
ff2yuzesiy.us-east-1.awsapprunner.com,1
zktwpoumx.top,1
9938372717273636267272.click,1
cz7s-casefb967921.vercel.app,1
res-cp1-mx.yyz2.websiteservername.com,1
satbhai444.github.io,1
plokvop.etpo.my.id,1
tmp-ap-southeast-1.transloadit.net,1
daysoftheworking-aogq0lr9zh.edgeone.app,1
lavishdagar13.github.io,1
www.besto.icu,1
mymailupgrading-105957.weeblysite.com,1
foggineo.com,1
www.netflix-clone-lime-five-32.vercel.app,1
www.protocolhub.vercel.app,1
www.webcaption-ys66.vercel.app,1
eml.attollo.com.au,1
gateway.attollo.com.au,1
ftp.attollo.com.au,1
gate.attollo.com.au,1
imap.attollo.com.au,1
box.attollo.com.au,1
hostmaster.attollo.com.au,1
imap1.attollo.com.au,1
secure.free-antivir.us,1
pub-38c5b9abba77468790481ca36c4b4acf.r2.dev,1
dubstep.ir,1
multiprot.net,1
www.steamcommriunity.com,1
itustkapitaloge.webflow.io,1
zer0000.weebly.com,1
bafybeidqqnhhp7ye27r3ttmkxydmat4cfamrhurhx36tdvttkvogzja2d4.ipfs.dweb.link,1
dbqyoiv.wang,1
www.usppv42q9.us,1
percyenoch018.github.io,1
www.taststt.weebly.com,1
profile-shawupdate.weebly.com,1
n-flix-clone.netlify.app,1
a1.biqigame.sa.com,1
www.ntflix-ui-clone.vercel.app,1
fabulous-mermaid-a82288.netlify.app,1
ntflix-ui-clone.vercel.app,1
www.6v2b-casefb142856.vercel.app,1
tdtufdd.vercel.app,1
informed-lead.vercel.app,1
connect-io-trezoor-start.webflow.io,1
uat.lugna.online,1
auth-logon-sso-trezorr.webflow.io,1
sepport-teazor--apps.webflow.io,1
genureg.vercel.app,1
dkjfsdbe.com,1
trezor-x.com,1
imccx-lnyz.viuugosite.biz,1
mailsrv.attollo.com.au,1
www.p365333.net,1
enough-vulture-shallow.on-fleek.app,1
trustcapitalloginn.webflow.io,1
www.pal.bio,1
kuoinlogn-kucoin.godaddysites.com,1
www.rbx-rejectanomalies.fwh.is,1
carrolju.netlify.app,1
abuniz123.github.io,1
coinbaselogindesk.blogspot.com.au,1
ccvkreg.blogspot.tw,1
pub-61edef8407484205baacf7f0bfc4c633.r2.dev,1
fagebook-login.vercel.app,1
www.facbook-i4va.vercel.app,1
shifilkb.github.io,1
www.joe333-jl6i.vercel.app,1
web1mail.documentvault-za.cloud,1
chtwa.me,1
home480att.weebly.com,1
navaier.b-cdn.net,1
barberiabdventerpra.fun,1
www.liveoakfarmsllc.com,1
itrustcapitalloginnee.webflow.io,1
ts666.cfd,1
es-meta-acccaountscenter-helps-verify.pages.dev,1
weerrtyy-i4on0bpgim.edgeone.app,1
cyan-otter.static.domains,1
www.2025bt.weebly.com,1
s.team-jv.com,1
docu-sign08082025protectedxpdf0363utfcvv1795.s3-bkk.nipa.cloud,1
m.cansolut.com,1
att56e67e.weeblysite.com,1
nsdf.fyi,1
tiiktok.cfd,1
steam.tzevania.com,1
oggklbk.wang,1
onlydotas2.hop.ru,1
www.tierarztpraxis-stadtgraben.at,1
taststt.weebly.com,1
treezzriostars.webflow.io,1
trezuoiriostart.webflow.io,1
coinkbaselprologo.godaddysites.com,1
itrustcapital-logii.webflow.io,1
trezor-wallet.free.site.pro,1
portplus-trezor-logon.webflow.io,1
uuploddlilgad.godaddysites.com,1
doc-en-start-trazor.free.site.pro,1
gdryuioutryuiotey567iouoiwe45yiykjherytfyu.pages.dev,1
chasebank-login.github.io,1
mcoggin039.wixstudio.com,1
sso-view--netcoins-cdn-autth.webflow.io,1
www.championshippersweeps.com,1
s3.us-east-2.amazonaws.com,1
api.allegromicro.cloud,1
uphliodklogiimn.godaddysites.com,1
nzta-stoll.cc,1
www.boss10007852386545.site,1
0ne-drive.wasmer.app,1
start-iotrizor.webflow.io,1
cjklwer-sdkfje-skjdhf-esdf.netlify.app,1
marllajonas.wixsite.com,1
terctk.opsonal.digital,1
www.gocasttv.com,1
2025bt.weebly.com,1
secure-ledgger-secure.webflow.io,1
m.mslkwf.cn,1
connectedcommunitiessolutions.com,1
gutenzurch-loggi-swisspass.cleverapps.io,1
b45042.com,1
trezordtiostart.webflow.io,1
starttruezor-io.webflow.io,1
ghdgrnrimo.xyz,1
trezorkostart.webflow.io,1
inkcx-web.zx-r.help,1
web.sirunchat.com,1
codewave.sa.com,1
web-robimhood-home-sso.typedream.app,1
www.tyu.bndkm.com,1
aitm.theclubglass.com,1
fuzzy-netflix-clone.web.app,1
techmediareports.com,1
cashappcustomerser68.wixstudio.com,1
findldevices.alwaysdata.net,1
kelt.nauportal.com,1
zaxkii.buzz,1
site-bophbnnbl.godaddysites.com,1
www.detektivek.hu,1
kalabeby54.github.io,1
password-reset-emailer.vercel.app,1
support-start-trezors.webflow.io,1
treazoeraelogin.webflow.io,1
greenixac.vercel.app,1
shopfran.site,1
aoidas.weebly.com,1
kimmado.xsrv.jp,1
f004.backblazeb2.com,1
chrome--coinbase-extension.typedream.app,1
zxmdnaidz.pusatwebs.biz.id,1
open-spot-pt.com,1
anazeina.com,1
bananamovie.at,1
riyamineralwaterplant.com,1
flotek.com.np,1
demo.zerotheme.ir,1
socioeconomicrights.com,1
resolvedprocedures.vercel.app,1
cemapla.duckdns.org,1
at-t-mail-6a5e46.webflow.io,1
axisledger.live,1
trezorrdtiostartt.webflow.io,1
mytrezore--strt.webflow.io,1
loginservice.cloud,1
zhbhcmvraebwagfybs1pbnquy29t.directsmailsolution.com,1
st5151.com,1
trezors-bridge-app.webflow.io,1
tiktokvipshops.com,1
admin-action-logger.vercel.app,1
netflix-clone008e.rollout.site,1
currentlyatt15.weebly.com,1
mittamusk-log.godaddysites.com,1
www.kleret.com,1
kucoinologinn.godaddysites.com,1
carmotrace.online,1
trinityreservations.com,1
home-ledgerlive-desktop-sso-cdn.webflow.io,1
www.10pounds2weeks.com,1
remote2.toftonline.com,1
amazonwoaini.top,1
pay1-cashapp.infy.uk,1
pub-d402fb5577a74b04912d0686e1630053.r2.dev,1
attmail.typedream.app,1
mail.centre-review.business-minagne.com,1
vgfit.cfd,1
my-sso-itrustcapitel-cdn.webflow.io,1
upsoiidlloiign.godaddysites.com,1
asesor-segurity-bhd.weebly.com,1
grateminduiroirjjhtjtnnmda.weebly.com,1
loginsoutlookmidstreams.com,1
www.uat.jimpike.com.au,1
vip.uozjlsc.xyz,1
dpd.youolr.top,1
thegoat40012-prog.github.io,1
www.vagamagazines.vercel.app,1
www.netflix-clone008e.rollout.site,1
www.admin-action-logger.vercel.app,1
n1-81a5.vercel.app,1
calendar-invites.com,1
imtke.cn,1
micuenta-teach.github.io,1
coenbsse-pro-logun.godaddysites.com,1
anweshacpoddar-cmyk.github.io,1
log-processor-15528001200.vercel.app,1
qualitatodontologia.com.br,1
y495809jff50950-509-5585-444-44-gd8z5bwsxf.edgeone.app,1
log-processor-15528001209.vercel.app,1
learn-trezor-io-start-en.weebly.com,1
begin-trezor-oi-start.weebly.com,1
wondrous-haupia-fb4876.netlify.app,1
suites--treizr.webflow.io,1
liderdekorasyon.com.tr,1
pub-68ac2605c9714a418c44640f71b139da.r2.dev,1
wavebrave.top,1
pub-f6c4e551d5334ba5b117f104b5d69f2f.r2.dev,1
pub-6f8a4dc83b8743fb9fb01e7f6f8b84fe.r2.dev,1
www.keepo.io,1
putareya.builderallwppro.com,1
bt-107258.weeblysite.com,1
kucionlogin-logig.webflow.io,1
bt-100213.weeblysite.com,1
digitaskerofficial.vip,1
pub-4bd13616d08c483c8994ae6a05bd5994.r2.dev,1
m.ffqj.cn,1
bet9999.bet,1
meta.pika.asia,1
pub-d287cacecb2747bbb10bf5f1dce1a9f8.r2.dev,1
ally.kimberlywoodrich.workers.dev,1
t-suite.dapps-web3.com,1
pub-40788e030eee4e159dbef0b51f237482.r2.dev,1
usssapplicanttrackerext.ciamlogin.com,1
lan123.cc,1
metamaskofficialwebsite.godaddysites.com,1
ledgerl--desktop.webflow.io,1
support--trezon-wallet.webflow.io,1
bet73015.com,1
pub-d0f689eb293b449b99b718c946a21d9f.r2.dev,1
n60kt-swcn.vercel.app,1
btinternet-2gv7.glide.page,1
laroverejbs.wixsite.com,1
dhlonline.click,1
www.ticketshop-pl.com,1
ebilet-pl.com,1
implanum.shop,1
bsteckbreif.shop,1
pub-2220ba9377ee4728a5fc1a9980991633.r2.dev,1
pub-655babd713224bcdb461dfde01d47627.r2.dev,1
mxtalkradio.com,1
server2.attollo.com.au,1
smtp2.attollo.com.au,1
kajdjvk.blogspot.tw,1
email.attollo.com.au,1
kajdjvk.blogspot.com,1
www.sn13a7128go4y38n.attollo.com.au,1
pub-61e93016ddf34d3db7fb6dbf67702986.r2.dev,1
6365-28.com,1
tap32327x8.cc,1
isgzh.site54.my.id,1
extension.typedream.app,1
login-anz-com.us,1
elixirexports.com,1
priya-173github.github.io,1
tap2113lh8.cc,1
amazonzjv.co,1
www.eeadlcpcalendars.caq.com.au,1
cheerful-crepe-4bc12c.netlify.app,1
talibu.com.br,1
mail4.attollo.com.au,1
www.netfilx-annual-offer.com,1
www.vantellaofficial.com,1
start-us-trezzorio.webflow.io,1
treziorhewalletn.webflow.io,1
startt-trezour.webflow.io,1
trezorwaleted.webflow.io,1
vandersonguerrier.github.io,1
voubeihautacre.vercel.app,1
bipandgo.work,1
gemini-logytn.godaddysites.com,1
bafkreifw6awxgz7dlod2smnkqpo435pe52vxuvalh4hlkxeld5fmb263bu.ipfs.dweb.link,1
usbnkn0nlinemsgs.weebly.com,1
www.948823614843525096254338227975ipbxujijscctyhh.adelon.com.br,1
ipsita-maity.github.io,1
www.dappsprotocol.srip.ink,1
start-trezorio--docs.webflow.io,1
trezoharwiilalt.webflow.io,1
trezor--uite.webflow.io,1
thawan-duchanee.com,1
indiapost.gov.gjaipio.top,1
securtyy.xhx-icd.my.id,1
trezorioaaxsrt.webflow.io,1
www.promecr.42web.io,1
geminillogin.webflow.io,1
www.bonazxs.top,1
amazonqmc.co,1
att-service-5bba5e.webflow.io,1
chha-hahbs.xhx-icd.my.id,1
amazontyc.co,1
amazonfyc.co,1
layanan-dana-id.enter-web.biz.id,1
www.log-processor-15528001200.vercel.app,1
www.password-reset-emailer.vercel.app,1
www.log-processor-15528001209.vercel.app,1
xn--tqqy1hc58bu4e.com,1
monday.kimberlywoodrich.workers.dev,1
56jinrong.com,1
www.mail10.caq.com.au,1
trinidadamzsupport.ddns.net,1
ns2.caditup.com.au,1
helpuser-meta-method-s7-id2283.vercel.app,1
wpadmin.pages.dev,1
kucoinloginjwc.webflow.io,1
www.kafka.hpsafety.com.au,1
mettamaxlogn.godaddysites.com,1
www.rkshuttle.com,1
now-start-ledgercom-cdn.webflow.io,1
itustcptllogin.webflow.io,1
www.9878818.com,1
www.btinterneett1.weebly.com,1
meta-policy-breach-no152334829-zfmi.vercel.app,1
docs-secure-trazor-sso-auth.webflow.io,1
cf-4.mkuhz4h.eu.org,1
21vanshi21.github.io,1
sso-eng-ndax--io-cdn--auth.webflow.io,1
erfgtr43.blogspot.com,1
marketsafeconsulting.com,1
kukuousinlogen.webflow.io,1
aktivczz-link-ldzx.senzeii-tech.web.id,1
sosimply-portala.powerappsportals.com,1
idconfirmation-838744.com,1
you-good-mud.click,1
www.8cfdfh1.sbs,1
bankofamerica.loansolutioncenter.com,1
logigmetamaskkii.godaddysites.com,1
dmarc.www.photo.ingenova.com.au,1
wap.zevie.cn,1
pub-c7df17aad1184776bdcc3e5f19fa643e.r2.dev,1
www.goldenmindsaca.com,1
instagramcomtr-five.vercel.app,1
l551008.cc,1
metamaksignin.godaddysites.com,1
my--sso-itrustcapital-com--auth--x.webflow.io,1
hqhnmq07101-j42c.vercel.app,1
www.pinbovip.com,1
trikl0oesabn.azurewebsites.net,1
coinbase-navy-two.vercel.app,1
leger--live--walet-help.webflow.io,1
metha-maskes-lugincceis.godaddysites.com,1
infos-doq.pages.dev,1
getspotifystatistics.vercel.app,1
hqhnmq0710-uss1.vercel.app,1
shivanis357.github.io,1
krishnajain-dev.github.io,1
tokmn.im,1
ukcoiinbseprolozisg.godaddysites.com,1
miitmxklogun.webflow.io,1
krakeanlgone615.godaddysites.com,1
gaaassss.blogspot.com,1
xuuqokgxff.duckdns.org,1
media.cpcalendars.rnbt.id.au,1
my--sso-itrustcapital--cdn-auth.webflow.io,1
www.dypxd.com,1
tokenp0ckct.click,1
vip.xxsaz.com,1
dynamic-local-manage-048261753-puce.vercel.app,1
dptlkaddminin.com,1
kuckoinlogex-io.godaddysites.com,1
tkmall99.vip,1
imap.obacs.com.au,1
www.smnedc.webwave.dev,1
majestic-torte-94f883.netlify.app,1
bet365-casino.gr,1
pub-a942ce13679e4689b4b55c7589588e8e.r2.dev,1
abhi6850.github.io,1
mlclassictz.com,1
sumitvishwakarma3690.github.io,1
www.98124-cb.com,1
williambarbosawb.github.io,1
outlook.trpeiprzak.com,1
upholl-xlogne.godaddysites.com,1
0710hqhnmq-wsjm.vercel.app,1
seaivicess.weebly.com,1
pop3.obacs.com.au,1
luckyboy9.com,1
app.atualizacad.site,1
flashcashia.motrady.top,1
auth.ingenova.com.au,1
secure--sso--ndax--x--cdn.webflow.io,1
www.integration.dashboard.cddental.com.au,1
wap.stephenkrex.com,1
loginxfinityy.framer.website,1
xx.tesanprog.site,1
vip.xxthg.com,1
apple-clone-dawit.netlify.app,1
www.hostvita.com,1
mail.comune.attollo.com.au,1
itrustfdcpitllogin.webflow.io,1
www.facebook.badarbukhari.dev,1
m.horrorguerrero.com,1
my--en-sso-itrustcapital-com-cdn-auth.webflow.io,1
techoralfaiz.github.io,1
wdefvgb22frew.blogspot.com,1
wallets-authentication.vercel.app,1
m.lachel.co.kr,1
adil1964.github.io,1
zimbraverificationb.vercel.app,1
piyushchauhan3.github.io,1
std112.github.io,1
snrhj.cn,1
karma-local-manage-051736284-mu.vercel.app,1
whimsical-snickerdoodle-5bc68d.netlify.app,1
itrustcaptallgen.godaddysites.com,1
mon-b.hongo.top,1
uyusloginsco.azurewebsites.net,1
usfintech.office365-live.com,1
www.profile-shawupdate.weebly.com,1
tkmall87.shop,1
meta-policy-contravention-no1523348-seven.vercel.app,1
shreyasangwa.github.io,1
s.teamv.cfd,1
pub-e2e497d6236742dfaedcaf688fdc5453.r2.dev,1
eudphhn.cn,1
uphodvlog.godaddysites.com,1
chandru797.github.io,1
tranquil-places-541837.framer.app,1
site-at2okidz1.godaddysites.com,1
web-my-itrustcapital-sso-cdn.webflow.io,1
www.nilkimya.com,1
app.micrommeta.com,1
auth-i--itrustcapital-auth--sso.webflow.io,1
jboy610.github.io,1
abbyjay444.github.io,1
xcdwfer32.blogspot.tw,1
io-ndax-login-page.webflow.io,1
f23gewdf3.blogspot.com,1
www.f23gewdf3.blogspot.tw,1
bet365-ff.com,1
cldtraffic.online,1
jossi2025.github.io,1
matamesk-logii.github.io,1
cmefr.cn,1
thesunhotel.lumonatalabs.com,1
und3rgr0undl0rd889.github.io,1
horishnyk.flywheelsites.com,1
prateekkumar-1.github.io,1
exchange-midasbuy.com,1
coinbaeewprlogin.gitbook.io,1
karthik2428.github.io,1
erfgtr43.blogspot.tw,1
help-coinbase.weebly.com,1
apexsoftware.in,1
helpuser-meta-system-2s-id2284.vercel.app,1
abhijithmt.github.io,1
help-netflix-signup.com,1
bb.3656navwin.cc,1
jawerfxxz.duckdns.org,1
kinucoinlgeine.webflow.io,1
gravitas-local-manage-031572684-xi.vercel.app,1
deft-bunny-7c49c9.netlify.app,1
kuqyoiinlgin.godaddysites.com,1
netzero-107559.square.site,1
fanciful-madeleine-86f31d.netlify.app,1
hbcsbusiness.com,1
att-109636-102349.square.site,1
snazzy-stroopwafel-0ab96a.netlify.app,1
www.autodiscover.caditup.com.au,1
www.netflix-beryl-gamma-12.vercel.app,1
fps.rutrainv.site,1
app-coinbase-pro-cdn.weebly.com,1
site-6t9v4p80j.godaddysites.com,1
pub-4aba5f9d6a934184b18e78e28794a78d.r2.dev,1
vue-coinbase.vercel.app,1
att-102134-107566.weeblysite.com,1
orangemaill0.wixsite.com,1
dbanks.vercel.app,1
metiamask-longin-usa.godaddysites.com,1
www.uxms.caq.com.au,1
wdefvgb22frew.blogspot.tw,1
www.pb36555.net,1
mistragram.netlify.app,1
rachara2.netlify.app,1
support-docs-ledgers.webflow.io,1
ldy.token-im01.top,1
0710hqhnmq-bu68.vercel.app,1
m.wineracksshop.com,1
www.jawervxq3.duckdns.org,1
coinbaselogindesk.blogspot.ca,1
www.ehay-uk-login-secures-zf8twgsw.obxadvisors.com,1
coinbaselogindesk.blogspot.is,1
dfgdh1.pages.dev,1
gauimilogag.godaddysites.com,1
www.8cfdfh2.sbs,1
currently303.weebly.com,1
priyankasahasmal.github.io,1
qn.pilot45.com,1
eryuan.pilot45.com,1
facebook-business-verify.vercel.app,1
shawccommunication.weebly.com,1
nettesterchecker.vercel.app,1
webmail-townisp-com.netlify.app,1
websitee3.dana-indonesia.top,1
www.shengzhoujob.cn,1
dancing-squirrel-0444bc.netlify.app,1
f551002.cc,1
cspfa.org.ar,1
abdumanam.github.io,1
551006.co,1
metamasklginn0.webflow.io,1
desktop--ledgerlive---own.webflow.io,1
guimnnloggn.webflow.io,1
cloudfactoryshop-c2c.com,1
tejasri3125.github.io,1
welltai--live--ledgre.webflow.io,1
f551009.cc,1
srakutenshop-thjp.artisp.com,1
lnu.akw.mybluehost.me,1
www.robuux12.blogspot.com,1
costumer-app-claim-id.github.io,1
atmemebrsserver.wixsite.com,1
metamakslogi.godaddysites.com,1
square-sunset-09ba.zip-confirm.workers.dev,1
sso--en-ndax--cdn--g--auth.webflow.io,1
jaiiqovzz.duckdns.org,1
pub-3ae9e91533194c1db460afec7b5dae74.r2.dev,1
netflix-beryl-gamma-12.vercel.app,1
dievertine.github.io,1
www.demo.jungara.com.au,1
geminelgn.webflow.io,1
btinterneett1.weebly.com,1
smtp.rnbt.id.au,1
fastfixccapp.pages.dev,1
poojamar.github.io,1
www.post.tu-ugmk.tech,1
itruetcapitallogin.webflow.io,1
desktop-cdn-ledgerlive.webflow.io,1
578361-coinbase.com,1
coibeasprolugon.godaddysites.com,1
training-peer-tau.vercel.app,1
uph-old-logn.godaddysites.com,1
pheelzofficial.github.io,1
docs-ledgr--com--sso-cdn.webflow.io,1
super-donut-160065.netlify.app,1
ou2809876.bring-your-own-malware.com,1
l551009.cc,1
mdna-formmx.xrodrygo.biz.id,1
7a3e6b16cb75f48fb897eff3ae732f3154f6d203b53f33660f01b4c3b6.pages.dev,1
swap.swissdlt.ch,1
krakin-lgin.godaddysites.com,1
nsjagsnja.com,1
wshtasapp.com,1
logon--ldgar--home.webflow.io,1
help-sso-coinbasehelpe.webflow.io,1
dhruvone8.github.io,1
avvia-la-verifica109768.uncody.site,1
v7jzjyognvd1miknpqufi500vb8vdkellu1eiud.examination.awkum.web.pk,1
pdf-online.on-fleek.app,1
wexauthau-reyk.firebaseapp.com,1
fbads.club,1
upkholdlogjin.godaddysites.com,1
allegroreg.com,1
outlook.com-mail.id,1
metamask-docs-74tizf1jt-metamask-web.vercel.app,1
bafybeielcgjuukgaqyqmvrwkktifkvotivozu5jannivkjkt7aqa3fwjqa.ipfs.dweb.link,1
www.staging.data.cddental.com.au,1
yg.naws.pp.ua,1
saloni6566.github.io,1
w232423.blogspot.com,1
synetiq.ciamlogin.com,1
sign-in-myjuno-account.weeblysite.com,1
amymiles.net,1
metmseklgoinn.webflow.io,1
credit.paisaassist.com,1
gajera-ansh.github.io,1
xn--nstagramsupport-6kc.com,1
ambramddd.weebly.com,1
itrust-secure-login-usa.webflow.io,1
ee-pending.web.app,1
fseryy.pages.dev,1
2607-privacy-policies-data-privacy-ten.vercel.app,1
redspark.xyz,1
www.opensea-click23-olive.vercel.app,1
goerge.slsp.softskills.kz,1
ep1-zpfi.vercel.app,1
public.trs.prod.uktrade.digital,1
sioabnfjk.icu,1
att-mail-104657.weeblysite.com,1
9679595.com,1
agps-119c562.ingress-alpha.ewp.live,1
upholid-xlogn.godaddysites.com,1
www.deepseekradar.com,1
d-invisible.github.io,1
jaydygs1.duckdns.org,1
wingsofredemption.github.io,1
openseagso.vercel.app,1
tiplifeshortfilm.com,1
coimbasepr-ologim.godaddysites.com,1
garciamerlos.com,1
tkmall77.shop,1
www.test.report.jimpike.com.au,1
instagram-clone-f2zd6nt1x-ahmedabdullahfahim.vercel.app,1
www.ledger-security.org,1
www.dcltk.cn,1
shakyamegha246.github.io,1
upholyducloggin.godaddysites.com,1
www.robuux12.blogspot.de,1
www.instagramm-com.vercel.app,1
arshaikh0801.github.io,1
h5.bymembers.com,1
dhruv-patel1937.github.io,1
steam.bywg.vip,1
pub-8da6bb8ac63448f8a5f1ba9b73230e76.r2.dev,1
1732624-coinbase.com,1
itrusttcapitaloginc.webflow.io,1
footpassa.vercel.app,1
wap.xiuqingc.cn,1
vn-poinr.top,1
pradeeppaldev.github.io,1
meta-rnicrosoft365.powerappsportals.com,1
kucoinfrolog.godaddysites.com,1
karsondeveloper.github.io,1
sagarnage123.github.io,1
tusharsharma530.github.io,1
amazon.draurangzebabbas.com,1
ledgre-app-live.github.io,1
www.a551000.cc,1
datasecurity-policy-center.vercel.app,1
hetuprajapati.github.io,1
kuciin-pluogen.godaddysites.com,1
lkjhtre.blogspot.tw,1
nrelapp-dehdh8cje8d5c7f9.canadacentral-01.azurewebsites.net,1
www.dashboard.qa.hpsafety.com.au,1
heysaqib.github.io,1
ndana1.github.io,1
www.movie-ui-project.vercel.app,1
t40cob0tvjp-7ggu.vercel.app,1
cod-rajeev.github.io,1
482224.cc,1
www.verityflow.shop,1
howmany.froisim.com,1
www.help-coinbase.weebly.com,1
m.mmglassblowing.com,1
inceptioncodes.github.io,1
ventaselcerrito.com,1
www.mailgw.glsnsw.com.au,1
taiktallksever.weebly.com,1
coimnasprlognus.godaddysites.com,1
iitrusttcapitaogin.webflow.io,1
jawerfxxz4.duckdns.org,1
applebootstrap.vercel.app,1
post.tu-ugmk.tech,1
help-base-start.netlify.app,1
jawerfxxz2.duckdns.org,1
instagram-khaki-seven.vercel.app,1
lgngeminii.webflow.io,1
reviewfeedbackslower.web.app,1
carboosta.vercel.app,1
kickzoneq-phi.vercel.app,1
centralj75e7e2zwl.s3.us-west-2.amazonaws.com,1
appiliveheldii.godaddysites.com,1
my-netflix-app-lovat.vercel.app,1
redcardu.vercel.app,1
m.drstboo.cn,1
nodeg8buth.bon-mot.ca:8443,1
mahimads.github.io,1
fxzch.cn,1
cz-meta-accountscenter-help.pages.dev,1
whctasvpp.cn,1
shyaman014.github.io,1
gumenilogia.gitbook.io,1
t40cob0tvjp-ntag.vercel.app,1
giobal.allegrovp.fit,1
microsoft365page.live,1
itrustcapetalloginea.webflow.io,1
muhammadhasnain112.github.io,1
wap.horrorguerrero.com,1
helpuser-meta-property-2r-id2280.vercel.app,1
footcoreac.vercel.app,1
leadircom-start-en.webflow.io,1
ldy.token-im02.top,1
truewarstoriespodcast.com,1
coiinebacceprolognm.godaddysites.com,1
wap.turbojet-oil.com,1
barclaysgifts.scarboroughtweed.com,1
coin-uk.shop,1
www.report-development.cddental.com.au,1
cf-4.nxnrllbe.eu.org,1
www.retailstamps.com,1
debangshu195.github.io,1
assets.tokec.im,1
sso-i-trustcapital--com--auth.webflow.io,1
www.orayghjdds.weebly.com,1
www.data.staging.cddental.com.au,1
www.d-favo.com,1
modest-step-417605.framer.app,1
kxkxkx.cc,1
telstraadminnn.weebly.com,1
itrustcapitalloginy.webflow.io,1
mailaccountvalidationmicrostmail.com,1
postoffice.claimhere.co.uk,1
indiapost.inflab.top,1
outlook-live-authentitciteworkspaces.com,1
376276.vip,1
woqe.cc,1
data-ceremony.icu,1
hyster-yale.directsmailsolution.com,1
bybitrobot.com,1
tap0297p8b.top,1
sap0784djy.vip,1
devadathan-ts.github.io,1
aarjjun.github.io,1
quickridecabs.com,1
lively-grass-921e.kexerax563.workers.dev,1
hupp234.com,1
riyajoseph778.github.io,1
logons--ledgar---sso.webflow.io,1
m-start-ledger-com-cdn.webflow.io,1
pub-ac18222ec6ae42769e9f8c212c87c627.r2.dev,1
waqas92782.github.io,1
www.xycnfl.com,1
www.dpd-express.top,1
e.vg,1
repnewmailboxversion.weebly.com,1
arunkanakkillam.github.io,1
otuola.kimberlywoodrich.workers.dev,1
io-trezo-start.pages.dev,1
find-mylocation.com,1
govauinbox-clientservice.com,1
gimeninilogup.godaddysites.com,1
fernandoportofilioprofissional.github.io,1
puertadehierroac.mx,1
333.wo-o-ow.workers.dev,1
80122ndggu-kspusu1lva.edgeone.app,1
metumaask-logg.godaddysites.com,1
conectfacebook.blogspot.co.uk,1
mail.netfilx.com-ceo-offer.net,1
netfilx.com-ceo-offer.net,1
hrithul.github.io,1
my-static-site-7eg.pages.dev,1
sayan-roy0.github.io,1
sherlockhq.github.io,1
tezrhatwared.webflow.io,1
yz9951.com,1
armanmalikll.github.io,1
www2.l3ol11q.eu.org,1
www2.plgyuil.eu.org,1
microsoft.authorised-support.com,1
1.artacmsco.ir,1
portal-sso.kdg.mediabeam.com,1
hhfh01.wixsite.com,1
dfallbeck1.wixsite.com,1
trezor-suite-app-officialls.webflow.io,1
apy-coinbase.com,1
sjsjbvxbnn.wixsite.com,1
mouni7781.github.io,1
kachowski.com,1
www.qr-apps-l.ink,1
r55-5.pages.dev,1
vzzhuz.github.io,1
spartancontrols.directsmailsolution.com,1
psce.pw,1
asadamin00.github.io,1
ts66334.com,1
netcoins---logins---auth.webflow.io,1
fudousan-iz.com,1
easyfilingcabinet.com,1
a1.cnehavuzu.ru.com,1
manxvip271.com,1
www.xvqs-casefb239309.vercel.app,1
eq.ttkkshops.shop,1
chickeninhouse.com.br,1
downloadfullfill.com,1
coinbaselogindesk.blogspot.co.at,1
jnintllc.com,1
bossyotis.com,1
kubmohanigltd.ng,1
sahalnp.github.io,1
mail.donaulab.rs,1
my-itrustcapital-us-login.webflow.io,1
wap.hsc-online.com,1
llbg.directsmailsolution.com,1
idrisaruna109.wixstudio.com,1
idrisaruna109.wixstudio.io,1
shammuu.shop,1
superset-poc.jimpike.com.au,1
6893ddb8b73637d32482a138--genuine-beignet-963a7f.netlify.app,1
gzqmk.sbs,1
0618-ccg.pages.dev,1
heartwarming-graphs-055987.framer.app,1
bobr.tap0390wp7.top,1
3lse.tap01084bu.top,1
tap0387rde.top,1
rlei.tap04064w4.top,1
tap0390wp7.top,1
tap1989mv7.vip,1
s.webaccess-alerts.net,1
office-tw-auth-0365-protection.com,1
aoi.mems.workers.dev,1
indiapost.xhfish.top,1
ticm.tap0297p8b.top,1
willowy-puppy-372220.netlify.app,1
tw-office036auth-5protection.com,1
www.womenfashionreview.com,1
vxdnagive.xwebrsmi.biz.id,1
xfmdnaidxz.xwebrsmi.biz.id,1
xzdnaidsz.lyananxpusatx.biz.id,1
tmp-us-east-1.transloadit.net,1
bdo-app.ngbhfcsg-kielph.workers.dev,1
webx-danax-xhadiah2.tt3mr.my.id,1
onelinebdo.js-form.workers.dev,1
gkyf.tap0387rde.top,1
198dd2.algo-fly.com,1
loginmyjunosite.framer.website,1
messenger.encryptioprog.com,1
bruker.directsmailsolution.com,1
avisou.click,1
bdo-app.sbdoonline.workers.dev,1
site-345fe5t4l.godaddysites.com,1
gouravjaat07.github.io,1
www.access-portal-ftx.com,1
login-trezr-io-en-us.pages.dev,1
fayyadhydervt123-cmyk.github.io,1
mrevilgeniuss.github.io,1
ofc-1.weeblysite.com,1
verify-signinoutlexchangeadmin.com,1
mygovlogingovlogin.pages.dev,1
coinbase-clone-le.netlify.app,1
account-dashboard-advert-system.pages.dev,1
www.s1028377.ha017.t.mydomain.zone,1
garena-free-fire-ff.github.io,1
doc-variables-api-dev.jesse1891.workers.dev,1
eventmlbb.skincollections.com,1
www.netflix-sp.vercel.app,1
kucoinnlooginnz.gitbook.io,1
muskan-n24.github.io,1
netflix-clone-inky-two.vercel.app,1
16hieptv-gw4we-case1006wrs22frzv86168.vercel.app,1
pub-4eba18998eda4c4e9861bb93d43e224f.r2.dev,1
www.businesssuite-livechat.com,1
movie-stream-clone.vercel.app,1
cf1000copy.pages.dev,1
xn--lescrationsdesandrine-f5b.fr,1
s144.servername.online,1
yxbay29udgvycmeuy29t.directsmailsolution.com,1
netfibratelecomunicacoes.com.br,1
navigate-home-863457.framer.app,1
pub-1c478b82493c488a88f08bd3c0cb57a9.r2.dev,1
servicebsj.quest,1
guileless-fairy-f832ec.netlify.app,1
pub-a45887ecc53d47dd898ab4bd2008b701.r2.dev,1
www.nongree.ac.th,1
tap0377512.top,1
tap01084bu.top,1
r0tp.tap1989mv7.vip,1
3lse.tap0377512.top,1
pub-8046cc04b8024cff9a5b7324139129c3.r2.dev,1
app-office03voicemail-protection.com,1
workinglikeaman-kmd1tnd2ci.edgeone.app,1
csld72k.github.io,1
68a27c8c8493ac44fb187196--resilient-halva-cd630b.netlify.app,1
231106.3640123259.workers.dev,1
innovative-funding.com,1
www.kljsd8u9343.weebly.com,1
owa.suthinand.com,1
cojnbcxeprologin.gitbook.io,1
sso-cdn-itrustcapital-auth.webflow.io,1
mateimsklogi-usa.godaddysites.com,1
oxdbqnyavhuplxcrfskjztgmieowndzktqpjlfrycsamuvwhibqgenxtzl.pages.dev,1
kucnionlogup.gitbook.io,1
madhuramtechnocast.com,1
mx20.attollo.com.au,1
pradeepprajapati8.github.io,1
68a27313f9648659f207c7ae--tiny-cactus-7e21ea.netlify.app,1
resolvernode.firebaseapp.com,1
velvety-bombolone-38041a.netlify.app,1
scintillating-souffle-7e9caf.netlify.app,1
ad-account-data-hub-4gj.pages.dev,1
melodic-douhua-b5c848.netlify.app,1
68a277ba11979565472d7fe1--velvety-bombolone-38041a.netlify.app,1
flourishing-cobbler-532c02.netlify.app,1
68a2751cd9c0b654ebf9747f--melodic-douhua-b5c848.netlify.app,1
tiny-cactus-7e21ea.netlify.app,1
sofugimaseu.vercel.app,1
mail.princessgreece.gr,1
xgfchjkghfdrt.pages.dev,1
qjyuxyna.aero.tt,1
ufrgdpif.aero.tt,1
motkxqcl.aero.tt,1
wmplrddz.aero.tt,1
bczlarms.aero.tt,1
muavtocp.aero.tt,1
cplccuoo.aero.tt,1
acosxtcf.aero.tt,1
ropxoeos.aero.tt,1
snmpmexz.aero.tt,1
wqsuanil.aero.tt,1
www.mengwei.caq.com.au,1
lmmvrgsk.aero.tt,1
lvetjmls.aero.tt,1
tcckxafw.aero.tt,1
hnumgmmz.aero.tt,1
rnyeoeri.aero.tt,1
pnmfjwgh.aero.tt,1
whitxjws.aero.tt,1
wudtjmfm.aero.tt,1
eeojehht.aero.tt,1
laufferingenieros.com,1
my-sso--itrustcapital-com-cdn--auth.webflow.io,1
pnlpqvkb.aero.tt,1
access-information.auth-update233.click,1
mahi21tha.github.io,1
g4wesfd222.blogspot.com,1
www.g4wesfd222.blogspot.tw,1
bankingrecoveryaccess.chickenkiller.com,1
projminting3242.vercel.app,1
projminting3244.vercel.app,1
projminting3245.vercel.app,1
sso-i-trustcapital-com-aup.webflow.io,1
rekhak2003.github.io,1
g3ewdf222.blogspot.com,1
bet365bby.com,1
www.g3ewdf222.blogspot.tw,1
www.mandirienergikonsultan.com,1
mettamaskzendlogg.godaddysites.com,1
timo.watanaber.com,1
steamezkey.shop,1
form.jotform.com,1
parttaspar1bas.net:443,1
mail1.ingenova.com.au,1
pdat.co.bw,1
rukvjppq.aero.tt,1
uitmvlgr.aero.tt,1
mfacebooks.com.vn,1
www.server1.caq.com.au,1
microsoft365site.live,1
lcswq.replit.app,1
jfkcawebdisk.rnbt.id.au,1
www.mailin.caq.com.au,1
www.root.caq.com.au,1
www.hotfix.bi.cddental.com.au,1
www.mx.caq.com.au,1
www.staging.analytic.cddental.com.au,1
www.mailsrv.caq.com.au,1
www.mailx.ingenova.com.au,1
queentarziandfriends.com,1
www.explorer.production.qldvvmc.com.au,1
gokulpvtr.github.io,1
www.antispam.caq.com.au,1
www.tcp.webmail.cddental.com.au,1
www.lvhjzcpcontacts.rnbt.id.au,1
www.test19.caq.com.au,1
www.test.cpcalendars.jungara.com.au,1
www.mail3.caq.com.au,1
mail.zeltech.com.au,1
www.eml.kathypope.id.au,1
zkbloyla.aero.tt,1
loponbcn.aero.tt,1
ddelttvz.aero.tt,1
tzhwswmp.aero.tt,1
fjkowqac.aero.tt,1
nhwajyog.aero.tt,1
uzjcruxv.aero.tt,1
cmymjftx.aero.tt,1
ucmcdozt.aero.tt,1
wzmwyrrm.aero.tt,1
njaqeoeu.aero.tt,1
tpcebrho.aero.tt,1
wjsygqxk.aero.tt,1
nodedportal.com,1
lgicjmbg.aero.tt,1
lnifzgrz.aero.tt,1
kenohqok.aero.tt,1
pydmnqca.aero.tt,1
ndagpidr.aero.tt,1
jvawhzdu.aero.tt,1
tapcmrjg.aero.tt,1
qcexjyrb.aero.tt,1
piqrboww.aero.tt,1
pal.bio,1
facebooks.com.vn,1
star-koala-hcy9.squarespace.com,1
www.projminting3245.vercel.app,1
bet365suk.com,1
dikshabj.github.io,1
workplacejjdd-sp69mevyb2.edgeone.app,1
bet365tiyu03.com,1
jhdfhjsh.pages.dev,1
njgftrtyu.pages.dev,1
vikashspotify.netlify.app,1
hndbidtu.pages.dev,1
www.projminting3244.vercel.app,1
linkedin838-83889clouds.pages.dev,1
vsdb29-hh22b-szbxgposrutqwv9evlonmd7e-a29.vercel.app,1
www.projminting3242.vercel.app,1
safeliveledger.com,1
ceresdigital.co,1
naman-iitm.github.io,1
bill.fast-shipping.it,1
ashishtiwar123.github.io,1
hemant-sinh.github.io,1
vishnusuresh-dev.github.io,1
d3vsurya.github.io,1
ep.tambuhost.eu,1
duujgdzvwu.duckdns.org,1
caslsh.prosollutlion.com,1
cd-1-3zi.pages.dev,1
account-explanation-id-face-7spz.vercel.app,1
seabreezef.vercel.app,1
business-security-settings.vercel.app,1
supervise-init.vercel.app,1
protisec-seicoin-dn7v.vercel.app,1
xifs.weebly.com,1
ranesaloni2101.github.io,1
www.scanaudit.me,1
mynah.pages.dev,1
onlinebdo.taguig-payments.workers.dev,1
www.i-chingmedi.hk,1
auth-i--itrustcapital-org--sso.webflow.io,1
resilience-warp.vercel.app,1
sso-itrustcapital-auth-sso.webflow.io,1
albertetienne1752715747611.0140026.meusitehostgator.com.br,1
confirm-action.fanpages-threats6352471.com,1
caixageral-desregular.com,1
app.tasknormalg.xyz,1
riqracju.aero.tt,1
qbezgjap.aero.tt,1
dappswallet.wlinr.top,1
coinbahoko.com,1
janeebreadhsy34.wixsite.com,1
bet365-rl.com,1
pub-e4efbbd740ce40d2ac91b55c3e0107be.r2.dev,1
pub-33cba1b1aa61453b9e89a582d09f5287.r2.dev,1
aa.cydiaa.cc,1
toka.im,1
futurepatches.com,1
clientportalamerica.serveirc.com.cosmopharmaint.com,1
docu-share-direct-lnk-5378edjksjhdb.vercel.app,1
pub-9e4596cbefb2486b905c01de34e156eb.r2.dev,1
pub-a6d891fbc327420f854a23f337d68746.r2.dev,1
smtps.rnbt.id.au,1
payal836.github.io,1
hkzl.ydso.xyz,1
app.tokec.im,1
test.tokec.im,1
cultucentrogt.com,1
technicalteam1.github.io,1
amazon.ml-u1.top,1
mysurveyco.pages.dev,1
pub-a46d07defbb247079df26e9d34a2e8d7.r2.dev,1
hrithikras123.github.io,1
onlinemall.fit,1
pub-9f65e9a08da64a87ae0cc31910c99428.r2.dev,1
4sontxcom.ncircletceh.com,1
earthenstays.life,1
login-me-ten.vercel.app,1
superset.rnbt.id.au,1
flows.ingenova.com.au,1
pixel.rnbt.id.au,1
api.tokec.im,1
pub-1a98486900684fd6a29493ee56f2586c.r2.dev,1
case57862-coinbase.securecryptoteam.com,1
remoterecruitment.teamtailor.com,1
pub-ff55c90cb8974d88992cbda033a87476.r2.dev,1
pub-8ca6fba1e812468e8ab2eddd68a0cd3b.r2.dev,1
pub-a24cf1603f1243d9bfadff3897816e64.r2.dev,1
inflection-org-academy.github.io,1
pub-7286888a4a30420ca43a0a3961b944c0.r2.dev,1
pub-95c5ead8d67f460ca228805103b5d21e.r2.dev,1
aktifkann-dana-paylatter.danaid-s.my,1
swicom-dc261.web.app,1
projminting3243.vercel.app,1
nft-luckybox5-seven.vercel.app,1
pub-c92d3c90b2754f018ae79499183d460f.r2.dev,1
www.help-terzor-start.vercel.app,1
saintknox.co.uk,1
l.pilot45.com,1
jahnavi570.github.io,1
debashish-newbie.github.io,1
www.verify-instagram-connection.vercel.app,1
www.xcvb9990.weebly.com,1
nileshpatelbad.github.io,1
shilpa260.github.io,1
verify-center-accounts.vercel.app,1
finnesteq.vercel.app,1
b4944c6ff08dc6f43da2e9c824669b7d927dd1fa976fadc7b456881f51.pages.dev,1
shreya-wani.github.io,1
en--secure-blockfi-cdn-oauth.webflow.io,1
gateway.ipfs.io,1
365.qwe123-asd456-zxc789.sunwayland-lkys.net,1
message-no-reply-no9918-8jc4.vercel.app,1
irtizarizvi88.github.io,1
6441056b613c32a9.jaewrsfxw4.duckdns.org,1
www.btmmmomm733.weebly.com,1
lqku6-wqaaa-aaaad-qalmq-cai.raw.ic0.app,1
netcoins-login-sso-net.webflow.io,1
help---starts-trerhelp.webflow.io,1
fixerror.metacomunitystandar.com,1
exodus-confirming.com,1
sonymusic.columbiapas.org,1
coinbase-walet-extension.typedream.app,1
ee-account-verify.web.app,1
wefiuohg.duckdns.org,1
netcoinllloginline.webflow.io,1
start---ledgercom---auth.webflow.io,1
att-employees.netlify.app,1
jawertfs.duckdns.org,1
rekonise.com,1
eastlinkupdatee-3657f870e-2004ee30136cd.webflow.io,1
gemini-duplication-lloggiess.godaddysites.com,1
www.wvabg32.blogspot.tw,1
4al22cs098.github.io,1
maketuge.vercel.app,1
login.business-devices.com,1
swapnilkorde97.github.io,1
bbk0ku.duckdns.org,1
bts-int-site.webflow.io,1
wap.ihang.com.cn,1
www.jawneeqw.duckdns.org,1
golden-croquem-bouche.netlify.app,1
sxrdz.net.cn,1
6441056b613c32a9.jaydygs3.duckdns.org,1
ab02eedd0712a148636d87b46a0c4c741ad4634745d829717b84433d7c.pages.dev,1
coinbasse-wallet-extension.typedream.app,1
dukeroma.com,1
pub-a5c409b791ab4a8496f244d15055bfbd.r2.dev,1
hwerfzxa.duckdns.org,1
yummy-turquoise-stove.glitch.me,1
www.deadline-magazin.de,1
nisxomklsaf.com,1
easy.avaltassets.com,1
wap.cfsmn.org,1
dkkdjhdjhduxux.weebly.com,1
www.jawerfxxz.duckdns.org,1
kucinldoin.webflow.io,1
netcoinslogin-net.webflow.io,1
beulloillapoupoi-8601.vercel.app,1
blokir-dbs.onrender.com,1
pub-365ad51d2d81418e8d5fb85815040ecf.r2.dev,1
promo262touch.shop,1
grupobancolombiasucursalvirtualpersonasdfs2023.weebly.com,1
interpreter-manage-ads-id2530487032.vercel.app,1
365.qwe123-asd456-zxc789.xinxuezz.com,1
56fec8609a.nxcli.net,1
m.modengshop.com,1
6441056b613c32a9.jaewrsfxw.duckdns.org,1
6441056b613c32a9.jawervxq3.duckdns.org,1
one-drive-microsoft.com,1
netcoinloginspace.webflow.io,1
openseamysterybox-claim.web.app,1
necessary-improvements-case-pvq9.vercel.app,1
the-beast100.github.io,1
qeghqgs.duckdns.org,1
beitang.pilot45.com,1
pinbo3656b.com,1
binanceus.cn,1
m.dovidka.org,1
kuldeeproyal-dev.github.io,1
manya1127.github.io,1
shivani9545.github.io,1
www.bet63a8.com,1
page-business-review.com,1
trrzor--start-helps.webflow.io,1
hghweqq.duckdns.org,1
fbacedg.pilot45.com,1
bafybeiaehtjrqenoq54aweivuaihfa2b6xidzdbw4dxyyiyhr4xxlruec4.ipfs.dweb.link,1
netcoinlogin-data.webflow.io,1
rkns.link,1
sponsoring-idle.vercel.app,1
help-coinbase-us.typedream.app,1
pandey-jiiii.github.io,1
particular-tetragon-672788.framer.app,1
targo.autos,1
acdi-my.sharepoint.us,1
malia-york57.crabdance.com,1
attlqlr-njur.vercel.app,1
365.qwe123-asd456-zxc789.hongguwu.com,1
f005.backblazeb2.com,1
akesu.pilot45.com,1
facebookzaman.blogspot.co.uk,1
www.maxifiles.org,1
my--blockfi-login---auth.webflow.io,1
planoly.store,1
www.jaiiqovzz.duckdns.org,1
oculosmania.com.br,1
cf-5.nxnrllbe.eu.org,1
pagseguro.validarproposta.com,1
www.secure-bank-alerts.com,1
apk-tiktok.cc,1
gangba.pilot45.com,1
xhzh-casefb126802.vercel.app,1
ekamudosyasorgulama.org,1
tickets2fish.com,1
gok.r1zow723p63050.workers.dev,1
imtokun.im,1
8xw.77c.mytemp.website,1
6179e02a47.nxcli.io,1
facebookzaman.blogspot.com,1
muzammi45lahmed.github.io,1
www.jaewrsfxw.duckdns.org,1
www.ekamudosyasorgulama.org,1
bafybeifstdfojqc5e57e34mxwtqagfymj4425f5olwhctjitkh5imcrkru.ipfs.dweb.link,1
update.you-nivel5.site,1
docs.pbihub.cn,1
0710hqhnmq-biyk.vercel.app,1
www.noiwuefjs.duckdns.org,1
servercore5.github.io,1
uihih-110b0b1.ingress-alpha.ewp.live,1
harshsite.bsite.net,1
www.jawervxq2.duckdns.org,1
pub-6f5f5befe14e4f778ca278fd7e0a2abf.r2.dev,1
sonyps4customerservice.blogspot.ru,1
fjcbdae.pilot45.com,1
wethsfdg.duckdns.org,1
cartunere-theta.vercel.app,1
mo8362s.duckdns.org,1
gfen.com.br,1
handyjohn0214.wixsite.com,1
eacdbgf.pilot45.com,1
www.peufileco.duckdns.org,1
sign-in.att.cakar76game.one,1
fatblockerpills.com,1
brandinless.com,1
www.2234363365.com,1
netflix-clone-three-ruby-98.vercel.app,1
6441056b613c32a9.jaydygs.duckdns.org,1
hammerhead-app-zdi2p.ondigitalocean.app,1
432re.blogspot.tw,1
66255.vip,1
secure--feq-blockfi---cdn.webflow.io,1
accountscenter-profill.space,1
cbasewetexxtensio.webflow.io,1
happy.915988.xyz,1
m-ahmadinno.github.io,1
littleslimstrimshop.com,1
55100000.org,1
www.khjs.cn,1
coinbasewalltt--extnshni.webflow.io,1
learn--itrustcapital-com-auth.webflow.io,1
sso--m--bybit--login--index.webflow.io,1
kauckoin-logi.godaddysites.com,1
www.jaewrsfxw4.duckdns.org,1
sp-contacts-cas-kkvs.vercel.app,1
chrome-coinbase-com.typedream.app,1
bbbsvvrrrqnbbprmsoyn.click,1
pub-12108ed09355417cbfd51f0d8eefcfa5.r2.dev,1
petchatac.vercel.app,1
55100004.org,1
ashib-01.github.io,1
caedjbf.pilot45.com,1
gked.in,1
www.432re.blogspot.tw,1
vasundhara-singh0911.github.io,1
www.jawerfxxz3.duckdns.org,1
kuldeeptiwari91.github.io,1
noteformac.vercel.app,1
amazon-clone-five-umber.vercel.app,1
www.wanteg.icu,1
ccc.adjlegtk.shop,1
blaze207.github.io,1
imyashmehta.github.io,1
www.wwhhaattaapm.vip,1
www.mo8362s.duckdns.org,1
m.jennybecker.com,1
www.srakutenshop-thjp.artisp.com,1
piggyupe.vercel.app,1
www.2244187365.com,1
helpuser-meta-system-jn-id2284.vercel.app,1
sso--cdn---coinbasepro-visit-auth.webflow.io,1
pancakeswapfinance.org,1
ekamucezasorgulama.org,1
help-extension-us.typedream.app,1
handel-mobile.duckdns.org,1
abdulrehman7876.github.io,1
coinbase-wallet-exteension.typedream.app,1
pub-570ecbc453d2491bb6d62cb389ff791e.r2.dev,1
rouxx90.blogspot.co.at,1
moveid-accountco.shop,1
tok02.com,1
cooinbase-chrome-extension.typedream.app,1
mail8.caq.com.au,1
wallet-coinbase-com.typedream.app,1
ng0jw0rijs.bbk0ku.duckdns.org,1
secure-portal-coinbasehelp.typedream.app,1
secure-coinbasewallet.typedream.app,1
rouxx90.blogspot.ro,1
my--sso--itrustcapital--cdn-z--auth.webflow.io,1
gfg.76657868.top,1
my---sso-itrustcapital-com---auth-h.webflow.io,1
swiss-serv.sbs,1
mt-swift.com-ustf.us,1
help-coinbase-faqs.typedream.app,1
ee-service-help.firebaseapp.com,1
farsana00.github.io,1
en-help-extension.typedream.app,1
cb-useralert.com,1
puertodesomport2123.com,1
email.mg3.maildrip.io,1
hostmaster.caq.com.au,1
imap1.lectec.com.au,1
opinionbridge.com,1
home-kucoin--help--cdn.webflow.io,1
rouxx90.blogspot.mx,1
my---ndax-aauth.webflow.io,1
review-feedback-zone.pages.dev,1
bafybeig5ip7obxeemkkujlwtwn6xe2azcj2xh453eysnkju36op444cnme.ipfs.dweb.link,1
security-hygiene-guide.vercel.app,1
bafybeieqbkp2zx2tnc5la5j5szalxxlihiaydpkqgtkbrvpdtgenxtbu3i.ipfs.dweb.link,1
coinbaseext-explore.typedream.app,1
rouxx90.blogspot.in,1
rouxx90.blogspot.ie,1
pub-192f62c6161041fcac5089098032e9a9.r2.dev,1
cadillac.ps,1
rouxx90.blogspot.com.ar,1
secureportal-irs-support.pages.dev,1
oticagoldenmix.com.br,1
a.azt-co1.biz.id,1
rouxx90.blogspot.dk,1
8ae13692.ab02eedd0712a148636d87b46a0c4c741ad4634745d829717b84433d7c.pages.dev,1
trwzerhardwallet.webflow.io,1
rdp.inpini.my.id,1
www.adniu8.shop,1
m.claritypill.com,1
wap.ayanainoue.com,1
wap.ccsguns.com,1
www.owa.tu-ugmk.tech,1
treazorwallett.webflow.io,1
tandlaegerneistoden.dk,1
auth-membershipbill.tandlaegerneistodendk.kinsta.cloud,1
netflix-frontend-gray.vercel.app,1
tzzorrawllet.webflow.io,1
trezor-suite-en-us--docs.webflow.io,1
communitymeytaamasklogin.webflow.io,1
wellettrzzorer.webflow.io,1
cancel-kucoin.webflow.io,1
ep2-fawn.vercel.app,1
trzhazrewarwlet.webflow.io,1
talkmorcommunity2.wixsite.com,1
lisandroescalada.github.io,1
itshania.github.io,1
ilapr.vercel.app,1
kmeify.lvuzuexoz.es,1
jawerfxxz1.duckdns.org,1
rouxx90.blogspot.se,1
sudais73.github.io,1
chinchina29.github.io,1
aktifkaanpaylatterssx.resmi-rea3.xyz,1
472392h02-roaiemrteasrfmfloasinfieu.vercel.app,1
www.walletconnect.support,1
kqzjd.top,1
conflrmatlon-ld734895.com,1
steamcommunilta.com,1
facebocks.com.vn,1
dbbsscrdss.cppsupport.help,1
trezohardwurewalla.webflow.io,1
rouxx90.blogspot.fr,1
0ft365-dri3vwa.chime.com.de,1
auth-trzor-ioi-starts.webflow.io,1
coinbase-wallet-support.typedream.app,1
www.nosdn.authhy010.top,1
cws.authhy010.top,1
c3.authhy010.top,1
login.authhy010.top,1
authhy010.top,1
www.pasrasweadee.net,1
pub-bda0c66467384daeb36a5ade8cd6385b.r2.dev,1
nbbroker.az,1
www.imap.hpsafety.com.au,1
fb-violations-issue-fix.vercel.app,1
secured-documents.vercel.app,1
www-source-utm.myvericode.com,1
patrick1904-s.github.io,1
shineousx.vercel.app,1
appsuite-lonos.vercel.app,1
2303a51061.github.io,1
secure.verification.mygov.coopertracia.com,1
s.bezpiecznauslugapocztyelektronicznej.pl,1
mailx.spadaro.id.au,1
ayeshaa005.github.io,1
www.hceulsotre50.eips.com.au,1
www.integration.data.jimpike.com.au,1
www.server1.hpsafety.com.au,1
www.serverhosting227.mdcomp.com.au,1
integration-superset.jimpike.com.au,1
www.suporte.jimpike.com.au,1
suporte.jimpike.com.au,1
www.barracuda.3lo.com.au,1
pop3.jimpike.com.au,1
pagepolicies-account-dmns.vercel.app,1
rouxx90.blogspot.de,1
bi.3lo.com.au,1
montgomerycountylinks.org,1
maliyebilgisorgulama.org,1
daily.cxvpn.buzz,1
webmaiilshaw.weebly.com,1
prevent-recurrence-awsx.vercel.app,1
required-case-d6my.vercel.app,1
evrimcan.xyz,1
hopetherapy10.wixsite.com,1
certoetiquetas.com.br,1
help-meta-direct-sp1-no99765-7x6y.vercel.app,1
elittefinnance.com.br,1
restrictiontrackerflag.vercel.app,1
musicologylab.net,1
app.inpo-wix.shop,1
dsf9sd0fusd.blogspot.com,1
metafart.alwaysdata.net,1
0b937eb6-32c2-4ceb-86e2-b7b2d2e7b44.vercel.app,1
ojasucrqo.icu,1
steamcomunnity.cc,1
improvedcenterupdatepolicycontrolresolveaccesspages.vercel.app,1
rouxx90.blogspot.fi,1
uat-analytic.jimpike.com.au,1
www.cicd-prod.eips.com.au,1
pub-8808e94b1a5c49dbb2a2e0829ec1562b.r2.dev,1
matamessklogieys.godaddysites.com,1
shovit-streaming-app-demo.vercel.app,1
net-flix-clone-nu.vercel.app,1
netflix-clone-using-html-and-css-only.vercel.app,1
pub-f7fc0aa7381e47d1a8546ee27e313c07.r2.dev,1
pub-bb403275e61d4b5bbfa3820c808423cb.r2.dev,1
wf.managepci.com,1
pub-225d7290d0da4d5e8555183cd264a146.r2.dev,1
krken-lgin37.godaddysites.com,1
pub-0c83953400094ceaa025496458468cc6.r2.dev,1
pub-ebf3f696dd044e979ca3171a18a98358.r2.dev,1
dkfkghklx.weeblysite.com,1
pub-4fb5350d0fd345aba955e4f86e9aa002.r2.dev,1
pub-6994d03159a447ae8a16b2a1176a5a27.r2.dev,1
website-bantuanofficial.duckdns.org,1
monespacee-lcl.murmit.com,1
pub-892c2501da2d4112ad3e57b5bbf7c8e9.r2.dev,1
securitynotice.com.br,1
pub-68c26a7e083c492dae7822b6ab713211.r2.dev,1
wire-doc-pdf.weebly.com,1
zwiekszlimit.bezpiecznauslugapocztyelektronicznej.pl,1
b-102446.weeblysite.com,1
attcurently26-07-2025.weeblysite.com,1
nam02-hn1d.vercel.app,1
pub-08e5f153316343c0aa3c10c00ee9ae24.r2.dev,1
secure-sso-g-itrustcapital-com-auth.webflow.io,1
rouxx90.blogspot.com.au,1
www.cepismobil.duckdns.org,1
www.amazon-clone-five-umber.vercel.app,1
0zhe.com,1
coiunbaseprologol.godaddysites.com,1
www.home.barcinltorg-en.com,1
57a49e2f-9006-406a-94bc-5cf479a5c6e7-00-2luheammp294n.pike.replit.dev,1
grg4f3r12.blogspot.com,1
pub-753a5eecd6624a1b86bc4e27c776e491.r2.dev,1
netflix-clone-olive-omega.vercel.app,1
checkub.ubpages.com,1
pub-db8a555cc7604d94b73be74bd644de95.r2.dev,1
pub-75da366beaec4e759d6abfad401e6892.r2.dev,1
pub-8e7bd94069274b88ac6178304f8fd737.r2.dev,1
aktivations.meta.sites.unaux.com,1
pub-2c46bcab89f842499649b44fa7c29193.r2.dev,1
attlqlh-18nt.vercel.app,1
pub-b3bb5c7add1343499e959551a11cfd68.r2.dev,1
customer782sup9540.weebly.com,1
contributor-exec.vercel.app,1
pr-81-jpmc-173-ssr-1753370444.preview.development.chase.rv-bcs.com,1
www.mintptojects217.vercel.app,1
content-auth-ladge.webflow.io,1
www.p365444.net,1
tracteur-agripro-82236454.com,1
karthikeyan8296.github.io,1
openseamint.mintlive.xyz,1
cleanchy.com,1
volleydataanalytics.github.io,1
situsakunprozeus.com,1
wap.sxrdz.net.cn,1
imtcken.im,1
www.server2.obacs.com.au,1
bunsbhqix.com,1
www.nft-luckybox14-mu.vercel.app,1
pratibhaxs.github.io,1
e098hskfhfkdsh.blogspot.co.uk,1
callie-mccall.crabdance.com,1
secureupdate-boa.vercel.app,1
moneysocial.ldnina.sbs,1
start-l-edger-help--sso.webflow.io,1
support-ledger.github.io,1
mail1.systemone.com,1
jawerfxxz3.duckdns.org,1
ln8-mobile.com,1
sparkonline11.weebly.com,1
qbniumaz.vercel.app,1
dana-bantuan-sewz.vercel.app,1
shopifysite.cn,1
snow-giraffe-791916.hostingersite.com,1
abhishek4050.github.io,1
codewith-hardik.github.io,1
bybitgum.com,1
usalgixa-mupohld.godaddysites.com,1
tgergdsf44.blogspot.com,1
portal-app--ndax-io-cdn-most.webflow.io,1
jsloce.webwave.dev,1
imtokrn.im,1
mancrosoft.com,1
q551005.com,1
25000686365.com,1
temp-io-ndax-login.webflow.io,1
krakenlog.godaddysites.com,1
junocom.godaddysites.com,1
wallet-coinbase-sso.typedream.app,1
ledger-ive-app-us.webflow.io,1
www.pagbank.minhastaxasecontratos.com,1
nft-luckybox14-mu.vercel.app,1
www.7756233.com,1
kucakoinoging.godaddysites.com,1
premiergaragedoorsservices.com,1
bei.pilot45.com,1
metukmsklogin.webflow.io,1
www.urls.fr,1
3mtp.pilot45.com,1
social.tojmg.top,1
wdeffvgtr143.blogspot.com,1
robuux12.blogspot.com.es,1
ledgerliveserver.com,1
contoh.stastick.net,1
jfdaecb.pilot45.com,1
currently801.weebly.com,1
mmmetamsk-logg.godaddysites.com,1
itrustcapiitaellogin.webflow.io,1
ledger-com-update.smmcc.net,1
friendshipadmin.mdcomp.com.au,1
www.email.bruin.com.au,1
551009.net,1
site-29j5vwn0o.godaddysites.com,1
www.aosistemasinformaticos.com.py,1
verify-instagram-connection.vercel.app,1
kuqqxoiinlgin.godaddysites.com,1
las-stage.nameless.today,1
site-06hplt516.godaddysites.com,1
www.mxs.attollo.com.au,1
latamtravelsale.vercel.app,1
codingwithhammad.github.io,1
windroara.vercel.app,1
roshniyadav00001.github.io,1
mein-arcor-37d2a98-vdafne-43a9-adb3.vercel.app,1
hrsyx-fqaaa-aaaag-aavja-cai.raw.ic0.app,1
geminiulogslogi.godaddysites.com,1
makeapleaservice-gov.com,1
www.nft-luckybox3-nine.vercel.app,1
tastemotions.com,1
iman118.com,1
mcfmxs.cn,1
nft-giftbox4-delta.vercel.app,1
metamusklogiz-us.godaddysites.com,1
accounts.simplilearn.com,1
ss0-en-start-trezor-auth.webflow.io,1
auth-liveldgr-live.webflow.io,1
rbxew.blogspot.com,1
coinbxseprologox.gitbook.io,1
g551001.cc,1
pub-8d79a88a32c64cd382eb08a2651581f9.r2.dev,1
mottamask-lloggjin.godaddysites.com,1
sxdfvrt.weebly.com,1
m.cashing911.com,1
store.steamchina.queniuam.com,1
mesasouthern.columbiapas.org,1
www.noticeofpleadings.net,1
www.nft-giftbox4-delta.vercel.app,1
upholjinlogni.godaddysites.com,1
srishtisoni97.github.io,1
www2.7dol4bc.eu.org,1
fawearsserviceatt.weebly.com,1
noiwuefjs.duckdns.org,1
ssoitrustcaital-sso.webflow.io,1
subscription-zoom.vercel.app,1
365.qwe123-asd456-zxc789.77tek.com,1
2607-privacy-policies-data-privacy-beige.vercel.app,1
ift7698-hash.github.io,1
xqtmyih.cn,1
cn-imtoken.me,1
millertoken.github.io,1
www.jazeerakudhinnxxx.likesyou.org,1
519a94.cn,1
portal-app--ndax-io-cdn--most.webflow.io,1
imtokesn.im,1
steamcommnunuty.com,1
gauimilogaw3.godaddysites.com,1
gentleruthe.wixsite.com,1
75k.pilot45.com,1
kuicoiinnlogin.webflow.io,1
www.wdeffvgtr143.blogspot.al,1
www.020saibo.com,1
logi-metmskk.godaddysites.com,1
www.forums.3lo.com.au,1
mymtsmailhelp.weebly.com,1
www.dev.pipeline.eips.com.au,1
mdaowlad.github.io,1
app.635-488.com,1
m.shopstylerie.com,1
www.development.argo.cddental.com.au,1
creinalossofri-4443.vercel.app,1
danaid-klaim-disini.github.io,1
cs.ingenova.com.au,1
khtrhdrhrsse.firebaseapp.com,1
koillohiquamei.vercel.app,1
authvryfy.spoty.danielmarino.co.uk,1
spotifylogin.vercel.app,1
wap.xdmk.cn,1
linkolla.com,1
sso-ndaxlogin-sso.webflow.io,1
vip.xxshax.com,1
kaken-lugainnz.godaddysites.com,1
prghhgvffcgredrfd4eesdftgyhujiufdwdrfg-6aplhtgm.4everland.app,1
365.505-606-707-808-909.canvbot.cn,1
naman8859.github.io,1
facebookclone12.vercel.app,1
rs2006.oskam.live,1
afcbged.pilot45.com,1
m.lhyoejp.cn,1
login-ms-outlook.com,1
sarbajitacharjee.github.io,1
synchwallet.square.site,1
w232423.blogspot.tw,1
ledger-support.elysianchauffeurs.com,1
0xmoh1t.github.io,1
attmailgood.square.site,1
wexauthau-reyk.web.app,1
mdtausif772.github.io,1
ledggerlivedesktop.webflow.io,1
voucher-indomaret.biz.id.51-79-175-155.cpanel.site,1
agdbcfe.pilot45.com,1
prod-storeloc-bnp.partoo-store-locator.co,1
rt0348tgcc87fv6n6ad55vx57a6v6446b.weebly.com,1
uphhlodlloggin.godaddysites.com,1
sadiqlongs.github.io,1
lianshanzhuangzuyaozuzizhixian.pilot45.com,1
m551003.cc,1
newmlevntt.zbssk.web.id,1
imtoqen.im,1
2607-privacy-policies-data-privacy-coral.vercel.app,1
tiktok-7u.lat,1
ag2321.blogspot.com,1
jawneeqw.duckdns.org,1
fgrupli.nyc3.digitaloceanspaces.com,1
fgebadc.pilot45.com,1
lianjiang.pilot45.com,1
wdeffvgtr143.blogspot.al,1
vital-bridge.netlify.app,1
ambil-resmi-dana4.github.io,1
www.aliexpr.shop,1
hdgdddhdd.weebly.com,1
sdfonmdop.vercel.app,1
www.chk.me,1
j551004.cc,1
anummustafa127.github.io,1
www.moviemaxph.shop,1
uuploddlilgnd.godaddysites.com,1
onlogmail.s3.ap-northeast-1.amazonaws.com,1
www.app.hpsafety.com.au,1
comune.mdcomp.com.au,1
pub-079ea3924e1746848c053e441f4c209c.r2.dev,1
pub-9c0e124bfdae48649cf3f048dae74580.r2.dev,1
xhdgfdgfhs.zapto.org,1
pub-ea66fe1b3c8e4757bafadfb9728b159c.r2.dev,1
stanbicassets.web.app,1
netaoos0m.azurewebsites.net,1
www.r.cq1815.com,1
1565470365.com,1
pub-ff2c89d21ea94dadac399b2d3cd15ad1.r2.dev,1
pub-5e3f711a3b6d4d1d9f04d1b2e999ad29.r2.dev,1
clique.ws,1
metanask.com-ui3.us,1
qsijpomp.com,1
www.maxmovieph.shop,1
pub-fa2faedb5c694fb19b1fc181cf051cea.r2.dev,1
social.wpcxq.top,1
b-erkahh.biz.id,1
llogoon-mettamaskxyz.godaddysites.com,1
vaulted-coinbase.com,1
wdsfegr43.blogspot.tw,1
www.visai.online,1
www.hotxgmp.shop,1
iman17.com,1
bt-107913.weeblysite.com,1
dfsfghjh.pages.dev,1
fotoyvideopixel.com,1
urwazainabtunio.github.io,1
mailrecorder.weeblysite.com,1
psygrowz.xyz,1
test-tau-black-69.vercel.app,1
whatsapp-topaz.vercel.app,1
smtpauth.glsnsw.com.au,1
lge.columbiapas.org,1
www.1972986365.com,1
schwys-cff-sbbfid26.site,1
d6b5l57v7lxns.cloudfront.net,1
qrqfgq22.blogspot.tw,1
www.easy.avaltassets.com,1
liinkediiin.weebly.com,1
velvety-travesseiro-c3c913.netlify.app,1
poydl5oaxbrnmiqt1qx9acgkeu7fwvn20-hh26b.vercel.app,1
ef32212.blogspot.tw,1
visapay.onrender.com,1
wvabg32.blogspot.tw,1
metam-login-da.webflow.io,1
sv-coinbase.com,1
pub-044471fe245c4202ac04e5309f456609.r2.dev,1
h-f.columbiapas.org,1
www.inos-busiess.vercel.app,1
ag2321.blogspot.tw,1
pub-70e69d351fdd47719fff28ce677d9918.r2.dev,1
pub-33e32f673ff541698d9ea2873aeedf01.r2.dev,1
ssmtrustindia.com,1
usit.informedgreetings.com,1
www.1617686365.com,1
bafybeihhxwmz7evt3k2sxviutfe2rmkovusgs2zt4b36rd4xvhe7xseara.ipfs.dweb.link,1
www.mx3.mdcomp.com.au,1
tmvvaosg.shop,1
abc.xecoa.top,1
idhandel-mobile-de.theoutofthebox.com,1
sea.a9ud29f.eu.org,1
www-dbs-actualizarion.mytempfact.com,1
secondateofficialjob.com,1
gamenieblg.godaddysites.com,1
itreustcaplloginn.webflow.io,1
natatt.weebly.com,1
securexfer.org,1
www.wdefrgr32.blogspot.tw,1
app-suite--trezr-cdn.webflow.io,1
chase-bank-website.vercel.app,1
pub-e2f6341451ca4b26ac23c6bea7b95d1d.r2.dev,1
site-lh36mdgf9.godaddysites.com,1
xn--solvanggrd-85a.no,1
cc2323.cc,1
fege43r21.blogspot.tw,1
demo-tailwind-sooty.vercel.app,1
68871618cc6fb2d9101cc6e8--voluble-tulumba-0db6f4.netlify.app,1
coinbasesignin.godaddysites.com,1
btmmmomm733.weebly.com,1
www.santander.learn-on-demand.co.uk,1
dhlyou.top,1
wvabg32.blogspot.com,1
home-107946.weeblysite.com,1
wdefrgr32.blogspot.com,1
pub-7571f8ffd5b243f892961d4b09c69e36.r2.dev,1
www.isbn.org.ar,1
jazeerakudhinnxxx.likesyou.org,1
pub-7ba541af70164845aead2d13faba0ba1.r2.dev,1
event.wysd.lol,1
amazing-marzipan-973128.netlify.app,1
wdefrgr32.blogspot.tw,1
49e50a93.87b810070b7c739690268360ea392429368787010a558a1837643058d2.pages.dev,1
inos-busiess.vercel.app,1
omerfaruk0zkn.github.io,1
pub-294b3ed8fa6e4c71af38c190967ed3ea.r2.dev,1
jobsmartic.co.ke,1
aefaetg4.blogspot.com,1
432re.blogspot.com,1
xcvb9990.weebly.com,1
digitvortexaura-exovendomex.shop,1
sso-page-auth--itrustcapital--auth.webflow.io,1
www.ronguxunketecn.com,1
jaweqqvx.duckdns.org,1
dhl-express-cmzxogawcqlbqcgebzvhtuzk.pages.dev,1
kookoin-logen.godaddysites.com,1
www.snow-giraffe-791916.hostingersite.com,1
www.librodenergy.com,1
pagbank.minhastaxasecontratos.com,1
6887105fea4473a3149d9ad6--spectacular-truffle-75a5b0.netlify.app,1
aefaetg4.blogspot.tw,1
tkshop91.sbs,1
claimrblx10k.blogspot.com.ng,1
www.e098hskfhfkdsh.blogspot.co.uk,1
pub-516107fc6118433080177236949d12ae.r2.dev,1
remove-restrictions-solve.github.io,1
avinash-belote.github.io,1
elearning.consolatamedcollege.ac.ke,1
rebrend45.vercel.app,1
www.1655570365.com,1
openseavsd.vercel.app,1
toktotokshop.net,1
admirable-conkies-776f07.netlify.app,1
cluster-monitor-task.vercel.app,1
www.qbniumaz.vercel.app,1
1651561561651561.duckdns.org,1
dwscfdvbr3.blogspot.com,1
pub-60aa8cdea4ff48c8b784d120879cbb5a.r2.dev,1
www.claimrblx10k.blogspot.com.uy,1
qrqfgq22.blogspot.com,1
www.wdeffvgtr143.blogspot.com,1
dhirajverm1480.github.io,1
icvo33.s3.us-east-2.amazonaws.com,1
att-100259.square.site,1
ledgr-com-strt.github.io,1
intel.columbiapas.org,1
uupholed-logiinus.godaddysites.com,1
att-100259.weeblysite.com,1
491916511561651651651561.duckdns.org,1
www.pb36511.net,1
freefirereward.com,1
r.cq1815.com,1
ef32212.blogspot.com,1
68871356901658a8dfdb564a--melodious-blancmange-c39880.netlify.app,1
imap.mdonline.net,1
www.production.hpsafety.com.au,1
claimrblx10k.blogspot.com.co,1
magroupsa.net,1
video.xecoa.top,1
www.xecoa.top,1
voijreuhw.duckdns.org,1
afefar.blogspot.com,1
shuttfuall-boop.github.io,1
pub-70873477437b499d9bd9094d488dd37a.r2.dev,1
iman182.com,1
wefgsdf.blogspot.tw,1
pub-c1b72cf894244612b32a43947af5d3e4.r2.dev,1
monitraco.co.ke,1
iesanjosen2.edu.co,1
pub-b735058be6cd49009cef5bdec136d1d8.r2.dev,1
tkshop71.sbs,1
pub-4f7b15ddbcae44fc99d27a5e7f6d5eff.r2.dev,1
ivweiusf.duckdns.org,1
basketcasegarage.com,1
voluble-tulumba-0db6f4.netlify.app,1
www.mail01.bruin.com.au,1
centre-assistance.fr,1
davcollegesuva.com,1
www.cq1815.com,1
ahmedsakri.github.io,1
21266486365.com,1
melodious-blancmange-c39880.netlify.app,1
daftar.festvall.my.id,1
audit-log-handler-seven.vercel.app,1
pub-64c50f4a8f394c30b74ed1ac01710af3.r2.dev,1
guangdong.pilot45.com,1
bt-101698.weeblysite.com,1
loving-kepler-9494c2.netlify.app,1
www.1636763365.com,1
www.dc0as1.webwave.dev,1
stakeflarre.com,1
bt-internet-103749.weeblysite.com,1
vebrg11e3r2.blogspot.tw,1
www.qrqfgq22.blogspot.tw,1
sonyps4customerservice.blogspot.sk,1
pub-48ca7fb99c824c5797ae62fed688005b.r2.dev,1
pub-23a2e2e234334745a9efe4cbe160602b.r2.dev,1
crispy-succotash-bice.vercel.app,1
www.ag2321.blogspot.com,1
upheld-en-us.godaddysites.com,1
hzz.e51.mywebsitetransfer.com,1
