url,label,notas,domain_base
https://www.caixabank.es/particular/banca-digital.html,0,home bancaria oficial,caixabank.es
https://accounts.google.com/ServiceLogin?service=wise,0,login Google oficial,accounts.google.com
https://www.roblox.com/es/upgrades/robux?ctx=navpopover,0,portal Roblox oficial,roblox.com
https://zoom.us/es/join,0,página de reuniones Zoom oficial,zoom.us
https://www.unicismadrid.es,0,portal Universidad de Madrid oficial,unicismadrid.es
https://www.pass.carrefour.es/zona-cliente/,0,zona cliente Carrefour oficial,pass.carrefour.es
https://help.coinbase.com/es-es,0,centro de ayuda Coinbase oficial,help.coinbase.com
https://ing.ingdirect.es/pfm/#login,0,login oficial clientes,ing.ingdirect.es
https://www.financieraelcorteingles.es/es/pago-de-recibos/,0,portal Financiera El Corte Inglés oficial,financieraelcorteingles.es
https://www.pccomponentes.com/login,0,login PcComponentes oficial,pccomponentes.com
https://www.mediamarkt.es/es/service/opciones-de-pago,0,portal MediaMarkt oficial,mediamarkt.es
https://www.coinbase.com/es-es,0,portal Coinbase oficial,coinbase.com
https://www.dropbox.com/es_ES/login,0,login Dropbox oficial,dropbox.com
https://identidad.ibercaja.es/soporte/plataforma/identidad/api/v1/Account/Login,0,login oficial clientes,identidad.ibercaja.es
https://www.bancsabadell.com/bsnacional/es/empresas/,0,home bancaria oficial,bancsabadell.com
https://www.mrw.es/seguimiento/,0,seguimiento/envíos oficial,mrw.es
https://sede.dgt.gob.es/es/multas/pago-de-multas/,0,sede electrónica DGT (trámites),sede.dgt.gob.es
https://univia.unicajabanco.es/login,0,login oficial clientes,univia.unicajabanco.es
https://www.dgt.es/inicio/,0,portal DGT oficial,dgt.es
https://www.ibercaja.es/particulares/cuentas-tarjetas/cuentas/cuenta-vamos/,0,home bancaria oficial,ibercaja.es
https://www.ing.es/sobre-ing/app.html,0,app móvil oficial,ing.es
https://www.ionos.es/ayuda/sitios-web-tiendas/comprar-mywebsite-now-y-mywebsite-creator/pagos/,0,soporte IONOS oficial,ionos.es
https://pasarela.clave.gob.es/Proxy2/ServiceProvider,0,portal Cl@ve oficial,pasarela.clave.gob.es
https://www.netflix.com/es/login,0,login Netflix oficial,netflix.com
https://sede.agenciatributaria.gob.es,0,sede electrónica Agencia Tributaria (trámites),sede.agenciatributaria.gob.es
https://areaclientes.orange.es,0,área de clientes Orange oficial,areaclientes.orange.es
https://www.microsoft.com/es-es/microsoft-365/outlook/log-in,0,portal Outlook oficial,microsoft.com
https://www.zara.com/es/es/logon,0,portal Zara oficial,zara.com
https://www.portalcliente.mercadona.es/,0,portal Mercadona oficial,portalcliente.mercadona.es
https://solicitudonline.abanca.com/Contratacion/es/contratacion_cuenta_clara_TdC_dinero/J,0,portal contratación Abanca oficial,solicitudonline.abanca.com
https://www.seg-social.es/wps/portal/wss/internet/Inicio,0,portal Seguridad Social oficial,seg-social.es
https://www.openbank.es/banca-personal,0,portal Openbank oficial,openbank.es
https://www.grupocajarural.es/es,0,home Caja Rural oficial,grupocajarural.es
https://www.kutxabank.es/,0,home bancaria oficial,kutxabank.es
https://www.cajaruraldeasturias.com/es/particulares/nueva-ruralvia,0,home bancaria oficial,cajaruraldeasturias.com
https://www.bankinter.com/empresas/,0,home bancaria oficial,bankinter.com
https://www.ruralcentral.es/es/particulares/004-seguridad-ruralvia,0,sección de seguridad oficial,ruralcentral.es
https://yosoymas.masmovil.es/login/primer-acceso,0,portal MasMóvil oficial,yosoymas.masmovil.es
https://bit2me.com/es,0,portal Bit2Me oficial,bit2me.com
https://www.digimobil.es/atencion-cliente,0,portal Digi oficial,digimobil.es
https://wetransfer.com,0,servicio WeTransfer oficial,wetransfer.com
https://www.bmedonline.es,0,portal Banco Mediolanum oficial,bmedonline.es
https://www.unicajabanco.es/es/particulares,0,home bancaria oficial,unicajabanco.es
https://walletconnect.network,0,portal WalletConnect oficial,walletconnect.network
https://www.correosexpress.es,0,portal Correos Express oficial,correosexpress.es
https://www.bbva.es/personas.html#,0,home bancaria oficial,bbva.es
https://www.bancosantander.es/particulares/banca-online/apps/santander,0,app móvil oficial,bancosantander.es
https://www.orange.es/pago-facturas,0,portal Orange facturas oficial,orange.es
https://www.hbomax.com/es/es/sign-in,0,login HBO Max oficial,hbomax.com
https://www.dhl.com/es-es/home/seguimiento.html,0,seguimiento DHL oficial,dhl.com
https://accounts.binance.com/es/login,0,portal Binance oficial,accounts.binance.com
https://www.amazon.es/ap/signin,0,login Amazon oficial,amazon.es
https://m.vodafone.es/mves/login,0,login Vodafone oficial,m.vodafone.es
https://www.movistar.es/area-cliente/mi-cuenta/,0,área de clientes Movistar oficial,movistar.es
https://www.bancomediolanum.es/es-ES/la-banca-personal/,0,portal Banco Mediolanum oficial,bancomediolanum.es
https://login.decathlon.net/sign-in,0,login Decathlon oficial,login.decathlon.net
https://ver.flixole.com/log-in,0,login FlixOlé oficial,ver.flixole.com
https://bancaelectronica.abanca.com,0,portal banca electrónica Abanca oficial,bancaelectronica.abanca.com
https://www.habbo.es,0,portal Habbo oficial,habbo.es
https://mibp.es/es/welcome,0,portal BP oficial,mibp.es
https://www.abanca.com/es/,0,home bancaria oficial,abanca.com
https://areadeclientes.mapfre.es,0,área cliente Mapfre oficial,areadeclientes.mapfre.es
https://www.mutua.es/acceso-area-personal/#/login,0,oficina virtual Mutua Madrileña oficial,mutua.es
https://www.instagram.com/accounts/password/reset/,0,reset password Instagram oficial,instagram.com
https://www.seur.com/miseur/home,0,portal Seur oficial,seur.com
https://login.yahoo.com/,0,login Yahoo Mail oficial,login.yahoo.com
https://www.iberdrola.es/wclifral/login/loginUnicoForm,0,login Iberdrola oficial,iberdrola.es
https://www.iberia.com/es/iberiaplus/recuperar-password/,0,recuperación Iberia Plus oficial,iberia.com
https://seguridad.bankinter.com/gestion/es-es/,0,sección de seguridad Bankinter oficial,seguridad.bankinter.com
https://venta.renfe.com/vol/loginParticular.do,0,área cliente Renfe oficial,venta.renfe.com
https://miyoigo.yoigo.com/login,0,login Yoigo oficial,miyoigo.yoigo.com
https://web.whatsapp.com,0,WhatsApp Web oficial,web.whatsapp.com
https://www.correos.es/es/es/herramientas/localizador/envios,0,seguimiento/envíos oficial,correos.es
https://movil.bbva.es/apps/woody/index.html,0,app móvil oficial,movil.bbva.es
http://caixacapitalrisc.send2sign.es/login,1,.es + Caixa en subdominio (SaaS tercero) + /login → impersonación por subdominio,caixacapitalrisc.send2sign.es
https://b9xja.dgnsvwrk.es/DwD9I@prmk4JYY2V/*toto@microsoft.com,1,.es + marca (microsoft) en la ruta + ofuscación (token + email en path) → patrón SaaS muy útil,b9xja.dgnsvwrk.es
https://robllox.com.es,1,typosquatting de Roblox + TLD .com.es (orientación ES),robllox.com.es
https://zooominvitenotice.es/project/Windows/invite.php,1,typosquatting de Zoom + TLD .es + invite.php (flujo típico de invitación) → SaaS claro,zooominvitenotice.es
https://robiox.com.es,1,typosquatting de Roblox + .com.es (orientación ES),robiox.com.es
http://unicismadrid.es/wp-content/com/index/ch/login.html,1,web .es comprometida (WordPress) + ruta /login; sector público/edu,unicismadrid.es
https://authline-checkappr0v.com.es/7aIT03j82stf28&sp_aqd=d2lkZ264DGsrFT5vGFGhuTrytrfgUygHjuyTtyYtFGbXJhaQ&th=3/,1,.com.es + semántica auth/approve con “0” (obfuscación) + tokens en ruta ⇒ fake login no–acortador / no host gratuito,authline-checkappr0v.com.es
https://koinbay-login.es,1,typosquatting de Coinbase + .es,koinbay-login.es
https://boxperience.es/cuenta/es-ing/ing,1,.es + posible web comprometida + marca ING en ruta,boxperience.es
http://serv-authveriline.com.es,1,.com.es + mezcla auth/verify → fake login,serv-authveriline.com.es
https://asesoriabarrachina.es/wp-includes/strato/?user-agent=Mozilla/5.0+(Windows+NT+10.0,1,web .es comprometida(WordPress),asesoriabarrachina.es
https://coinbasewalletsupport.es,1,abuso de marca Coinbase + .es,coinbasewalletsupport.es
http://secretosbp.es/DROPBOX/DROPBOX/vinc/,1,.es + ruta de marca (Dropbox) → impersonación por ruta,secretosbp.es
https://app-ing.direct-ayuda.com,1,subdominio “app-ing”+ español en dominio ⇒ phishing ING,app-ing.direct-ayuda.com
https://correos-paqueteria.com/asset.php,1,marca ES (Correos) en dominio + “paquetería” (ES) + ruta asset.php típica de kit,correos-paqueteria.com
https://dgtt48.lat/yyjxzpjg/e2Walj/7,1,DGT en dominio + tokens/ruta ofuscada; ejemplo sin acortador(útil),dgtt48.lat
https://extremas.com.ar/styles/ccDGT/DGT/cc.php,1,DGT en ruta + TLD .com.ar(caso realista fuera de .es) → cross-host válido,extremas.com.ar
https://ingbanksecure.com/,1,marca ING en dominio + “secure” (login) → directo y claro,ingbanksecure.com
https://l.ead.me/DGTspain,1,acortador + DGT; dejamos 1representativo,l.ead.me
https://www.app-ingmovil-cliente.com,1,marca ING + español en dominio (app/cliente/móvil) → phishing claro,app-ingmovil-cliente.com
https://www.ing-es-movil.com,1,marca ING + es/movil → orientación ES evidente,ing-es-movil.com
http://soporte_ionos.viajoencoche.es/?rid=48Y9hLX,1,subdominio “soporte_ionos” sobre .es comprometido → impersonación por subdominio,soporte_ionos.viajoencoche.es
http://www.ionosesfacturas.rf.gd/?i=1,1,host gratuito + IONOS (es-”facturas”) → ejemplo útil de free-host con marca,ionosesfacturas.rf.gd
https://admin.multa.net/,1,DGT (multa) sin acortador; host dedicado → caso de alta calidad,admin.multa.net
https://idt.oc.cuenta.lonos-facturacion-1and1.enfoquerhgt.com/identifier?pageMessage=wrong-mandant-redirect~~activating&login_hint,1,IONOS/1&1 en subdominio de tercero + /identifier → impersonación por subdominio,idt.oc.cuenta.lonos-facturacion-1and1.enfoquerhgt.com
https://ingsecusecuring.web.app/,1,marca ING en cloud free (patrón realista),ingsecusecuring.web.app
https://nflx-cuenta.com/,1,Netflix abreviado (nflx) + “cuenta” (ES) → typosquatting claro,nflx-cuenta.com
https://online.multa.net/,1,DGT sin acortador; segundo flujo del mismo host,online.multa.net
https://orangepro0.godaddysites.com/,1,Orange en host gratuito (GoDaddy Sites) → patrón de kit en free host,orangepro0.godaddysites.com
https://restablecer-cuenta-outlookk.zya.me/,1,Outlook en host + castellano (“restablecer-cuenta”) + patrón free host,restablecer-cuenta-outlookk.zya.me
https://soporte-netflx.com/,1,Netflix typos (netflx) + “soporte” (ES) → phishing claro,soporte-netflx.com
https://alerta-cliente.app,1,.app + castellano (“alerta-cliente”)→ patrón banca/teleco sin acortador,alerta-cliente.app
https://alertascliente.webcindario.com/,1,castellano + host gratuito (kit típico),alertascliente.webcindario.com
https://infotecnikas.es/re.html,1,.es comprometido(ruta mínima) → caso realista no-marca,infotecnikas.es
https://iradgt.com/Alibaba/alibaba/index.php,1,"DGT en dominio (no acortador), ruta de kit",iradgt.com
https://pendientesdeti.es/6d6116da#redacted@abuse.ionos.com,1,.es + dominio en castellano (“pendientes de ti”) + token en ruta → genérico ES de calidad,pendientesdeti.es
https://sites.google.com/view/ruraless/p%C3%A1gina-principal,1,Caja Rural en Google Sites+ castellano → buen representativo,sites.google.com
https://w.aviso-cliente.net,1,Dominio dedicado con castellano (“aviso-cliente”) → patrón banca/teleco sin acortador,w.aviso-cliente.net
https://authspacemon.webcindario.com/orangebank/index.php?pwd=TaTe,1,Orange Banken host gratuito(Webcindario) + /index.php→ kit típico,authspacemon.webcindario.com
http://avisonlines-ahorro.0hi.me/?i=3,1,Free host 0hi.me + castellano bancario (“aviso/ahorro”) → cubre patrón,avisonlines-ahorro.0hi.me
https://acceso-bloqueado.webcindario.com/validacion/validecard.html,1,Castellano (“acceso-bloqueado/validación”) + card → banca realista en free host,acceso-bloqueado.webcindario.com
https://alertabarural.webcindario.com/,1,Caja Rural + castellano en webcindario → buen representativo de banca en free host,alertabarural.webcindario.com
https://app.biaclientefonefacil.digital,1,Teleco campaña dedicada en dominio propio; castellano → útil y no free host,app.biaclientefonefacil.digital
https://comprastokenbip.webcindario.com/inicio.html,1,Cripto tokens en webcindario (representativo del patrón); mantenemos 1 y descartamos el otro,comprastokenbip.webcindario.com
https://enlineaprestamo.webcindario.com/,1,Castellano financiero (“préstamo”) en host gratuito → patrón realista (1 muestra de “loan scam” ES en webcindario).,enlineaprestamo.webcindario.com
https://facturapostpago.com/,1,"Teleco + “postpago”(ES) en dominio propio→ campaña dedicada, no free host.",facturapostpago.com
https://form.123formbuilder.com/6236576/para-sms-formulario-de-autorizacion-envio-clave-ivr,1,Formulario público con texto en castellano(SMS/IVR) → cubrir arquetipo forms-as-phish.,form.123formbuilder.com
https://merenciano.net/serviciodecorreo/login/,1,Sitio comprometido+ “servicio de correo/login”(ES) → caso no-.es pero claro.,merenciano.net
https://portaldigitalclientefeliz.blogspot.com/?gclid=EAIaIQobChMI27GY3K22_QIVzylMCh1KoQmjEAMYASAAEgKlr_D_BwE,1,Blogspot (free)+ castellano (“portal/cliente”) → incluir 1muestra de Blogspot.,portaldigitalclientefeliz.blogspot.com
https://recibo-de-pago.weebly.com/,1,Weebly (free) + castellano (“recibo de pago”) → cubrir 1 muestra de Weebly.,recibo-de-pago.weebly.com
https://validar-tarjeta.webcindario.com/,1,Castellano banca (“validar-tarjeta”) en host gratuito → buen patrón de fraude de tarjeta.,validar-tarjeta.webcindario.com
https://walletconnect.com-secure.es/,1,Cripto/WalletConnect + “.com-secure”(impersonación) + .es → claro y útil.,walletconnect.com-secure.es
https://bit.ly/Correos-ESP,1,Acortador + Correos explícito (“ESP”) → dejamos este como representativo.,bit.ly
https://particulares-netbancosantander.web.app/,1,Banca (Santander) + castellano (“particulares/net banco”) en cloud free → patrón útil; 1 muestra.,particulares-netbancosantander.web.app
https://soportetuexperto-orange-es.webflow.io/,1,Telecom Orange + castellano (“soporte/experto”) en SaaS Webflow→ patrón nuevo sin acortador.,soportetuexperto-orange-es.webflow.io
https://netflix-pagos.blog/,1,Streaming ya cubierto (2/2) con señales fuertes; esta va a reserva para no saturar.,netflix-pagos.blog
https://crelosa.app/lnn/dhl-new%20(1).html,1,Logística DHL en dominio propio (no acortador / no free host); suma variedad logística.,crelosa.app
https://www.binance.com.loginsn.cc/,1,Impersonación por subdominio (“binance.com”) sobre dominio tercero → cripto de alta señal.,binance.com.loginsn.cc
https://netflix-seguro.com/index.php,1,Typosquatting de Netflix + dominio engañoso con palabra 'seguro' + TLD .com orientado a usuarios hispanohablantes + campaña en castellano.,netflix-seguro.com
https://www.ing-appmovil-inicio.com/,1,"Phishing ING España + dominio falso con keywords en castellano ('appmovil', 'inicio') + TLD .com.",ing-appmovil-inicio.com
https://www.ing-web-inicios.com/,1,"Phishing ING España + dominio falso con keywords en castellano ('web', 'inicios') + TLD .com.",ing-web-inicios.com
https://seguridad-ingclientes.com/es,1,"Phishing ING España + dominio con keywords en castellano ('seguridad', 'clientes') + path '/es' reforzando targeting a España.",seguridad-ingclientes.com
http://vodafone.accept-term.com,1,"Vodafone, impersonación por subdominio .com, no es free host, señal global",vodafone.accept-term.com
https://aviso-caixa.digital/inicio/enter,1,"Phishing CaixaBank + dominio engañoso con palabra 'aviso' + keyword en castellano 'inicio' en la ruta + TLD .digital (sospechoso, no oficial).",aviso-caixa.digital
http://movistarui.vip,1,"Dominio dedicado sin acortador/free host, la usamos como 1 excepción técnica hasta encontrar una clara Movistar",movistarui.vip
https://santanderib.com,1,Phishing Banco Santander + dominio typosquatting simplificado (ib ≠ oficial) + ausencia de subdominios legítimos + TLD .com.,santanderib.com
https://pago-master.digital/Confirmacio%CC%81n%20de%20Pago.html,1,Phishing financiero en castellano + dominio fraudulento con keyword 'pago' + TLD .digital + página titulada 'Confirmación de Pago'.,pago-master.digital
https://dhl.com-esoo.top/es,1,Marca DHL en dominio (impersonación/typosquatting) + ruta /es (orientación castellano) + no acortador/no free host → logística de alta señal,dhl.com-esoo.top
https://netflix-reglamentos.info/pages/,1,Phishing Netflix + dominio engañoso con keyword 'reglamentos' + TLD .info sospechoso + campaña en castellano.,netflix-reglamentos.info
http://srv235099.hoster-test.ru/BBVA-PAGINA,1,Phishing BBVA + hosting ruso (.ru) + palabra clave 'PAGINA' en castellano en la ruta.,srv235099.hoster-test.ru
http://bancaonline0103.webcindario.com/home.php,1,Phishing bancario + hosting gratuito Webcindario + keywords en castellano ('bancaonline').,bancaonline0103.webcindario.com
http://www.habbocreditosparati.blogspot.com/,1,Phishing Habbo + blogspot gratuito + keywords en castellano 'créditos para ti'.,habbocreditosparati.blogspot.com
https://activartarjetabp.webcindario.com,1,Phishing BP España + hosting gratuito Webcindario + keyword en castellano 'activar tarjeta'.,activartarjetabp.webcindario.com
https://digitalefectiva.webcindario.com/Efe/,1,"Phishing bancario genérico + Webcindario gratuito + keywords en castellano ('digital', 'efectiva').",digitalefectiva.webcindario.com
https://galiciaseguridad.myportfolio.com/,1,Phishing banca Galicia + hosting gratuito Adobe MyPortfolio + keyword 'seguridad'.,galiciaseguridad.myportfolio.com
https://hdseguridad.webcindario.com/,1,Phishing genérico + Webcindario gratuito + keyword 'seguridad' en castellano.,hdseguridad.webcindario.com
https://kmctayurvedacollege.org/ingresoseguro/,1,Phishing bancario genérico + hosting académico (.org) sin relación + ruta 'ingresoseguro' en castellano.,kmctayurvedacollege.org
https://misaki4552.github.io/Pagina-instagram/,1,Phishing Instagram + GitHub Pages gratuito + nombre de carpeta en castellano 'Pagina-instagram'.,misaki4552.github.io
https://my.forms.app/dpdservicioexpress/modulodiaperturacontodpd,1,Formulario público (forms.app) + logística DPD + castellano → patrón real de landing en formulario (no acortador / no webcindario),my.forms.app
https://serviciodecorreo.es/,1,".es + castellano (“servicio de correo”) en dominio propio, sin acortador / sin free host",serviciodecorreo.es
https://ampliaciones.zonasolicitudeampliacion.click/,1,"Phishing bancario genérico + dominio fraudulento con keywords en castellano ('solicitud', 'ampliacion') + TLD .click sospechoso.",ampliaciones.zonasolicitudeampliacion.click
https://appcanaldigital.com/,1,elecom en dominio propio + castellano (“app canal digital”); no acortador / no free-host; patrón “app/área cliente”.,appcanaldigital.com
https://clientepresenteado.digital/inicio,1,"Phishing bancario genérico + dominio fraudulento con keywords en castellano ('cliente', 'inicio') + TLD .digital sospechoso.",clientepresenteado.digital
http://bancosantaderonline.com,1,Phishing Banco Santander + dominio typosquatting sin subdominio legítimo + TLD .com.,bancosantaderonline.com
http://bancosantander.es.hotelparadis.es/aviso/db5359497aecd83/login.php,1,Phishing Banco Santander + subdominio engañoso dentro de 'hotelparadis.es' + ruta con 'aviso/login'.,bancosantander.es.hotelparadis.es
https://banco-galicia-online.com/galicia/confirm,1,"Phishing Banco Galicia (LatAm, Argentina) + dominio fraudulento con keyword 'galicia' + irrelevante para España.",banco-galicia-online.com
https://bbva.es.personal-cuenta.info/personal/index.php?tegdfs?,1,"Phishing BBVA + dominio fraudulento con keywords en castellano ('personal', 'cuenta') + TLD .info sospechoso.",bbva.es.personal-cuenta.info
https://bbva.soporte-web.info/login,1,Phishing BBVA + dominio fraudulento con keyword 'soporte-web' + TLD .info sospechoso.,bbva.soporte-web.info
https://corroes-ep.top/es,1,Phishing Correos España + dominio fraudulento con typo 'corroes' + ruta '/es' en castellano.,corroes-ep.top
https://lastbut-bc9a4f.ingress-florina.ewp.live/wp-admin/bbva/area_cliente/confirmacionMovil.html,1,Phishing BBVA + dominio fraudulento con subdominio ofuscado + ruta '/area_cliente/confirmacionMovil.html' en castellano.,lastbut-bc9a4f.ingress-florina.ewp.live
https://www.seguridadsabadell.com,1,Phishing Banco Sabadell + dominio fraudulento con keyword 'seguridad' + TLD .com.,seguridadsabadell.com
https://www.santander.com/es/home,0,,santander.com
https://www.bbva.com/es/,0,,bbva.com
https://portal.kutxabank.es/cs/Satellite/kb/es/particulares,0,,portal.kutxabank.es
https://www.cajamar.es/es/particulares/,0,,cajamar.es
https://www.cetelem.es/,0,,cetelem.es
https://www.wizink.es/,0,,wizink.es
https://www.myinvestor.es/,0,,myinvestor.es
https://mioficina.correos.es/es/es/login,0,,mioficina.correos.es
https://www.nacex.es/irSeguimiento.do,0,,nacex.es
https://gls-group.com/ES/es/recibir-paquetes/seguimiento-envio/,0,,gls-group.com
https://mygls.gls-spain.es/,0,,mygls.gls-spain.es
https://www.ups.com/track?loc=es_ES,0,,ups.com
https://wwwapps.ups.com/pickup/pending?loc=es_ES,0,,wwwapps.ups.com
https://account.microsoft.com/,0,,account.microsoft.com
https://www.office.com/login?es=UnauthClick,0,,office.com
https://myaccount.microsoft.com/,0,,myaccount.microsoft.com
https://admin.google.com/,0,,admin.google.com
https://www.google.com/appsstatus/dashboard/,0,,google.com
https://login.ionos.es/,0,,login.ionos.es
https://help.ovhcloud.com/csm/es-es/faq-support?id=kb_article_view&sysparm_article=KB0054565,0,,help.ovhcloud.com
https://www.githubstatus.com/,0,,githubstatus.com
https://gitlab.com/-/status,0,,gitlab.com
https://dashboard.stripe.com/login,0,,dashboard.stripe.com
https://www.binance.com/es/support,0,,binance.com
https://developers.binance.com/docs/wallet/others/system-status,0,,developers.binance.com
https://accounts.coinbase.com/signin?lang=es,0,,accounts.coinbase.com
https://status.coinbase.com/,0,,status.coinbase.com
https://www.kraken.com/es-es/sign-in,0,,kraken.com
https://support.kraken.com/hc/es,0,,support.kraken.com
https://academy.bit2me.com/es/,0,,academy.bit2me.com
https://sede.seg-social.gob.es/wps/portal/sede/sede/inicio,0,,sede.seg-social.gob.es
https://www.endesa.com/es/te-ayudamos/sobre-tu-factura/pagar-facturas,0,,endesa.com
https://www.mapfre.es/particulares/,0,,mapfre.es
https://www.lineadirecta.com/clientes/login.init.faces,0,,lineadirecta.com
https://cuenta.elcorteingles.es/,0,,cuenta.elcorteingles.es
https://www.elcorteingles.es/ayuda/,0,,elcorteingles.es
https://www.carrefour.es/servicios/entrega-recogida-pedidos.e,0,,carrefour.es
https://te-ayudamos.mediamarkt.es/,0,,te-ayudamos.mediamarkt.es
https://www.redsys.es/,0,,redsys.es
https://www.paypal.com/es/signin,0,,paypal.com
https://stripe.com/es-es/docs/payments,0,,stripe.com
https://status.aws.amazon.com/,0,,status.aws.amazon.com
https://www.cloudflarestatus.com/,0,,cloudflarestatus.com
https://status.azure.com/es-es/status,0,,status.azure.com
https://auth0.com/docs/get-started/authentication-and-authorization-flow,0,,auth0.com
https://developer.okta.com/docs/guides/implement-auth-code/overview/,0,,developer.okta.com
https://www.linkedin.com/help/linkedin,0,,linkedin.com
https://help.twitter.com/es,0,,help.twitter.com
https://labonkpostal-bcea5d.ingress-baronn.ewp.live/log-page/correos/recibir_paquete.php,1,"banca | correos | Smishing paquete | free_hosting;marca_en_path;spanish_token | score=18, signals=spanish_brand:ing;spanish_brand:correos;spanish_token:paquete;spanish_token:reci | confianza=90 (ruido=10%)",labonkpostal-bcea5d.ingress-baronn.ewp.live
https://servicio-baea8f.ingress-erytho.ewp.live/bbva/area_cliente/confirmacionmovil.html,1,"banca | bbva | Confirmación | free_hosting;marca_en_path;spanish_token | score=18, signals=spanish_brand:bbva;spanish_brand:ing;spanish_token:cliente;spanish_token:confirm | confianza=90 (ruido=10%)",servicio-baea8f.ingress-erytho.ewp.live
https://servicio-cliente-santdr-b8ca53.ingress-comporellon.ewp.live/santawithpinsansms/codigo_incorrecta.php,1,"banca | santander | Verificación | free_hosting;marca_en_path;spanish_token | score=17, signals=spanish_brand:ing;spanish_token:cliente;spanish_token:codigo;spanish_token:sms;s | confianza=90 (ruido=10%)",servicio-cliente-santdr-b8ca53.ingress-comporellon.ewp.live
http://0c4d4e6.wcomhost.com/banco-santander/particulares/iogin/home/sms_codigo.php,1,"banca | santander | Verificación | marca_en_path;spanish_token | score=16, signals=spanish_brand:santander;spanish_token:banco;spanish_token:particulares;spanish_t | confianza=90 (ruido=10%)",0c4d4e6.wcomhost.com
http://guyanemarketing.com/bancosantander.es/login/firma.php,1,"banca | santander | Login | marca_en_path;spanish_token | score=16, signals=spanish_brand:santander;spanish_brand:ing;spanish_token:login;spanish_token:banc | confianza=90 (ruido=10%)",guyanemarketing.com
http://particulares-bancosantander-es.tempurl.host/es/grupo/home/codigo_incorrecta.php,1,"banca | santander | Verificación | marca_en_path;spanish_token | score=16, signals=spanish_brand:santander;spanish_token:banco;spanish_token:particulares;spanish_t | confianza=90 (ruido=10%)",particulares-bancosantander-es.tempurl.host
https://santanfer-idition-bc6241.ingress-erytho.ewp.live/santawithpinsansms/particulares.php,1,"banca | santander | Login | free_hosting;marca_en_path;spanish_token | score=16, signals=spanish_brand:ing;spanish_token:particulares;spanish_token:sms;spanish_token:pin | confianza=90 (ruido=10%)",santanfer-idition-bc6241.ingress-erytho.ewp.live
https://seguridad-gestion-b1032f.ingress-comporellon.ewp.live/bankinter/accounte.php?assure_nfpb=true&_pagelabel=as_login_page&connexioncompte_2actionevt=afficher&lieu.x=fr_8292263&5c3a199c596c759d80b05a7b5cc10434,1,"banca | bankinter | Login | free_hosting;marca_en_path;spanish_token | score=16, signals=spanish_brand:bankinter;spanish_brand:ing;spanish_token:login;spanish_token:segu | confianza=90 (ruido=10%)",seguridad-gestion-b1032f.ingress-comporellon.ewp.live
https://selricos-baf31d.ingress-baronn.ewp.live/santawithpinsansms/santawithpinsansms/particulares.php,1,"banca | santander | Login | free_hosting;marca_en_path;spanish_token | score=16, signals=spanish_brand:ing;spanish_token:particulares;spanish_token:sms;spanish_token:pin | confianza=90 (ruido=10%)",selricos-baf31d.ingress-baronn.ewp.live
http://ing.es-accesospanel.info/loginon.php,1,"banca | ing | Login | marca_en_path;spanish_token | score=15, signals=spanish_brand:ing;spanish_token:acceso;spanish_token:login;spanish_marker:.es;br | confianza=90 (ruido=10%)",ing.es-accesospanel.info
http://loc10cxixaayuodaaccesoae-b40361.ingress-florina.ewp.live/loca4/home/sms2.html,1,"banca | caixaBank | Login | free_hosting;marca_en_path;spanish_token | score=15, signals=spanish_brand:ing;spanish_token:acceso;spanish_token:sms;brand_and_spanish_token | confianza=90 (ruido=10%)",loc10cxixaayuodaaccesoae-b40361.ingress-florina.ewp.live
https://autrasistema-ba63ea.ingress-earth.ewp.live/santander-dro/home/particulares.php,1,"banca | santander | Login | free_hosting;marca_en_path;spanish_token | score=15, signals=spanish_brand:santander;spanish_brand:ing;spanish_token:particulares;brand_and_s | confianza=90 (ruido=10%)",autrasistema-ba63ea.ingress-earth.ewp.live
https://corss-1-aeab5e.ingress-erytho.ewp.live/nonew/santander/particulares.php,1,"banca | santander | Login | free_hosting;marca_en_path;spanish_token | score=15, signals=spanish_brand:santander;spanish_brand:ing;spanish_token:particulares;brand_and_s | confianza=90 (ruido=10%)",corss-1-aeab5e.ingress-erytho.ewp.live
http://servicio-baffd6.ingress-bonde.ewp.live/bbva/area_cliente/index.php,1,"banca | bbva | Login | free_hosting;marca_en_path;spanish_token | score=15, signals=spanish_brand:bbva;spanish_brand:ing;spanish_token:cliente;brand_and_spanish_tok | confianza=90 (ruido=10%)",servicio-baffd6.ingress-bonde.ewp.live
https://initterbanhintteraceropo-b37a0e.ingress-comporellon.ewp.live/bnakinninter/smsone.php?assure_boba=false&_pagelabel=as_login_page&connexioncompte_2actionevt=afficher&lieu.x=fr_2332932&4e0da8dfc2e64abb9170d6a336ea5271,1,"banca | bankinter | Login | free_hosting;marca_en_path;spanish_token | score=15, signals=spanish_brand:ing;spanish_token:login;spanish_token:sms;brand_and_spanish_token_ | confianza=90 (ruido=10%)",initterbanhintteraceropo-b37a0e.ingress-comporellon.ewp.live
https://santa-ba27af.ingress-earth.ewp.live/acceso/cuenta/clients/login.php?%22santander%22,1,"banca | santander | Login | free_hosting;marca_en_path;spanish_token | score=15, signals=spanish_brand:santander;spanish_brand:ing;spanish_token:acceso;spanish_token:log | confianza=90 (ruido=10%)",santa-ba27af.ingress-earth.ewp.live
https://santa-dns-army-b85505.ingress-erytho.ewp.live/areasantander/home/particulares.php,1,"banca | santander | Login | free_hosting;marca_en_path;spanish_token | score=15, signals=spanish_brand:santander;spanish_brand:ing;spanish_token:particulares;brand_and_s | confianza=90 (ruido=10%)",santa-dns-army-b85505.ingress-erytho.ewp.live
https://santdr-baf004.ingress-bonde.ewp.live/stdr/santander1/particulares.php,1,"banca | santander | Login | free_hosting;marca_en_path;spanish_token | score=15, signals=spanish_brand:santander;spanish_brand:ing;spanish_token:particulares;brand_and_s | confianza=90 (ruido=10%)",santdr-baf004.ingress-bonde.ewp.live
https://santt-ba3214.ingress-bonde.ewp.live/snt/santander1/particulares.php,1,"banca | santander | Login | free_hosting;marca_en_path;spanish_token | score=15, signals=spanish_brand:santander;spanish_brand:ing;spanish_token:particulares;brand_and_s | confianza=90 (ruido=10%)",santt-ba3214.ingress-bonde.ewp.live
https://sntdr-2-bbb7d3.ingress-erytho.ewp.live/sntdr/santander/particulares.php,1,"banca | santander | Login | free_hosting;marca_en_path;spanish_token | score=15, signals=spanish_brand:santander;spanish_brand:ing;spanish_token:particulares;brand_and_s | confianza=90 (ruido=10%)",sntdr-2-bbb7d3.ingress-erytho.ewp.live
https://suppoert-ba6dbd.ingress-earth.ewp.live/gruposantander/home/particulares.php,1,"banca | santander | Login | free_hosting;marca_en_path;spanish_token | score=15, signals=spanish_brand:santander;spanish_brand:ing;spanish_token:particulares;brand_and_s | confianza=90 (ruido=10%)",suppoert-ba6dbd.ingress-earth.ewp.live
http://000o8dc.wcomhost.com/www.santanderbanco.es/bancosantander/es/particulares/santander,1,"banca | santander | Login | marca_en_path;spanish_token | score=14, signals=spanish_brand:santander;spanish_token:banco;spanish_token:particulares;spanish_m | confianza=90 (ruido=10%)",000o8dc.wcomhost.com
http://empresasone-b96935.ingress-comporellon.ewp.live/santander/clients/login.php,1,"banca | santander | Login | free_hosting;marca_en_path;spanish_token | score=14, signals=spanish_brand:santander;spanish_brand:ing;spanish_token:login;brand_and_spanish_ | confianza=90 (ruido=10%)",empresasone-b96935.ingress-comporellon.ewp.live
http://loc52.caixabank.es.lacaixa.actualizar.information.ay-min.az/soporte-directonow/home/codigo.html,1,"banca | caixabank | Verificación | marca_en_path;spanish_token | score=14, signals=spanish_brand:caixabank;spanish_token:forma;spanish_token:codigo;spanish_marker: | confianza=90 (ruido=10%)",loc52.caixabank.es.lacaixa.actualizar.information.ay-min.az
http://pagos-correos-del.tempurl.host/es/manage/?view=login&appidkey=fcd00c0656cc490&country=,1,"banca | correos | Pago | marca_en_path;spanish_token | score=14, signals=spanish_brand:correos;spanish_token:pago;spanish_token:pagos;spanish_token:login | confianza=90 (ruido=10%)",pagos-correos-del.tempurl.host
https://0560db8.wcomhost.com/Caixabank/particulares_es/home/Espera2.html,1,"banca | caixaBank | Login | marca_en_path;spanish_token | score=14, signals=spanish_brand:caixabank;spanish_token:particulares;spanish_token:espera;brand_an | confianza=90 (ruido=10%)",0560db8.wcomhost.com
https://am-coaching.salamander.dev/caixa/vbv/home/forma.html,1,"banca | caixaBank | Login | marca_en_path;spanish_token | score=14, signals=spanish_brand:ing;spanish_token:forma;brand_and_spanish_token_boost;path_verific | confianza=90 (ruido=10%)",am-coaching.salamander.dev
https://bancosantander-firma-es-account-activation-yakuzablyat101350359.codeanyapp.com/online1/particulares/home.php?web=succes&local=_&id=76276442,1,"banca | santander | Login | marca_en_path;spanish_token | score=14, signals=spanish_brand:santander;spanish_token:banco;spanish_token:particulares;spanish_t | confianza=90 (ruido=10%)",bancosantander-firma-es-account-activation-yakuzablyat101350359.codeanyapp.com
https://bbva.es.id8261.info/usuario,1,"banca | bbva | Login | marca_en_path;spanish_token | score=14, signals=spanish_brand:bbva;spanish_token:usuario;spanish_marker:.es;brand_and_spanish_to | confianza=90 (ruido=10%)",bbva.es.id8261.info
https://bobo-bc1ece.ingress-erytho.ewp.live/santander/manage/index.html?view=login&appldkey=fcd00c0656cc490&country=ee,1,"banca | santander | Login | free_hosting;marca_en_path;spanish_token | score=14, signals=spanish_brand:santander;spanish_brand:ing;spanish_token:login;brand_and_spanish_ | confianza=90 (ruido=10%)",bobo-bc1ece.ingress-erytho.ewp.live
https://invetsofia-b96935.ingress-earth.ewp.live/produits/santander/clients/login.php?%22santander%22,1,"banca | santander | Login | free_hosting;marca_en_path;spanish_token | score=14, signals=spanish_brand:santander;spanish_brand:ing;spanish_token:login;brand_and_spanish_ | confianza=90 (ruido=10%)",invetsofia-b96935.ingress-earth.ewp.live
https://oldoone-ba3214.ingress-comporellon.ewp.live/service/santander/particulares.php,1,"banca | santander | Login | free_hosting;marca_en_path;spanish_token | score=14, signals=spanish_brand:santander;spanish_brand:ing;spanish_token:particulares;brand_and_s | confianza=90 (ruido=10%)",oldoone-ba3214.ingress-comporellon.ewp.live
https://particularhomeweblogicsession-b1032f.ingress-baronn.ewp.live/caix/lacaixa/home/espera2.html,1,"banca | caixabank | Login | free_hosting;marca_en_path;spanish_token | score=14, signals=spanish_brand:ing;spanish_token:espera;brand_and_spanish_token_boost;path_verifi | confianza=90 (ruido=10%)",particularhomeweblogicsession-b1032f.ingress-baronn.ewp.live
https://public-2-a27a5b.ingress-florina.ewp.live/info/caixa-vbvfinal/home/espera.html,1,"banca | caixabank | Login | free_hosting;marca_en_path;spanish_token | score=14, signals=spanish_brand:ing;spanish_token:espera;brand_and_spanish_token_boost;path_verifi | confianza=90 (ruido=10%)",public-2-a27a5b.ingress-florina.ewp.live
https://santasp-b96842.ingress-earth.ewp.live/ex%20+%20my%20info/corex/auth/erreur-sms.php,1,"banca | santander | Login | free_hosting;marca_en_path;spanish_token | score=14, signals=spanish_brand:ing;spanish_token:sms;brand_and_spanish_token_boost;path_verificat | confianza=90 (ruido=10%)",santasp-b96842.ingress-earth.ewp.live
https://service-2-a0ec7f.ingress-erytho.ewp.live/santander%20(4)/clients/login.php,1,"banca | santander | Login | free_hosting;marca_en_path;spanish_token | score=14, signals=spanish_brand:santander;spanish_brand:ing;spanish_token:login;brand_and_spanish_ | confianza=90 (ruido=10%)",service-2-a0ec7f.ingress-erytho.ewp.live
https://wordpress-916397-3181167.cloudwaysapps.com/bbva.es/bbva.es/cuenta/area_cliente,1,"banca | bbva | Login | marca_en_path;spanish_token | score=14, signals=spanish_brand:bbva;spanish_token:cliente;spanish_token:cuenta;spanish_marker:.es | confianza=90 (ruido=10%)",wordpress-916397-3181167.cloudwaysapps.com
https://www.webspaceguy.com/knjh68515/caixabank.es3/a/-cuenta/index.html?info_selecteur_web.html?loginaccess=op=c&url&request_locale=fr_fr&lpolbreseterrorcounter=20&c55ad10873e7ca17e58cda24c3bf2b0d,1,"banca | caixabank | Login | marca_en_path;spanish_token | score=14, signals=spanish_brand:caixabank;spanish_token:login;spanish_token:cuenta;spanish_marker: | confianza=90 (ruido=10%)",webspaceguy.com
http://044088d.wcomhost.com/www.santanader.es/banco/particulier/santander/santa,1,"banca | santander | Login | marca_en_path;spanish_token | score=13, signals=spanish_brand:santander;spanish_token:banco;spanish_marker:.es;brand_and_spanish | confianza=90 (ruido=10%)",044088d.wcomhost.com
http://bbvaspaing.temp.swtest.ru/bbva21/bbva/area_cliente/smsconfirmacion.html,1,"banca | bbva | Confirmación | marca_en_path;spanish_token | score=13, signals=spanish_brand:bbva;spanish_brand:ing;spanish_token:cliente;spanish_token:confirm | confianza=90 (ruido=10%)",bbvaspaing.temp.swtest.ru
http://loc2.caixabank.es.ay-min.az/gpeticiones;weblogicsession/lacaixa/home/codigo.html,1,"banca | caixabank | Verificación | marca_en_path;spanish_token | score=13, signals=spanish_brand:caixabank;spanish_token:codigo;spanish_marker:.es;brand_and_spanis | confianza=90 (ruido=10%)",loc2.caixabank.es.ay-min.az
http://loc4.caixabank.es.gpeticiones.weblogicsession.ay-min.az/lacaixa/home/codigo.html,1,"banca | caixabank | Verificación | marca_en_path;spanish_token | score=13, signals=spanish_brand:caixabank;spanish_token:codigo;spanish_marker:.es;brand_and_spanis | confianza=90 (ruido=10%)",loc4.caixabank.es.gpeticiones.weblogicsession.ay-min.az
http://loveysplace.com/ingdirect.es/02298/sms.html,1,"banca | ing | Login | marca_en_path;spanish_token | score=13, signals=spanish_brand:ing;spanish_token:sms;spanish_marker:.es;brand_and_spanish_token_b | confianza=90 (ruido=10%)",loveysplace.com
https://064f211.wcomhost.com/caixanew/CaixaBank/particular/GPeticionesPN/Es/home/Espera.html,1,"banca | caixaBank | Login | marca_en_path;spanish_token | score=13, signals=spanish_brand:caixabank;spanish_token:espera;brand_and_spanish_token_boost;brand | confianza=90 (ruido=10%)",064f211.wcomhost.com
https://0674b9c.wcomhost.com/CaixaBank/particular/GPeticionesPN/Es/home/Espera.html,1,"banca | caixaBank | Login | marca_en_path;spanish_token | score=13, signals=spanish_brand:caixabank;spanish_token:espera;brand_and_spanish_token_boost;brand | confianza=90 (ruido=10%)",0674b9c.wcomhost.com
https://anularpagosbc.replit.app/mua/waiting/scis/j6unvhzsitlyrxstpnfun4tssjgejkn7dldp6fxsjfxo/3d/no-back-button,1,"banca | generico | Pago | free_hosting;kit_3dsecure;marca_en_path;spanish_token | score=13, signals=spanish_brand:ing;spanish_token:pago;spanish_token:pagos;brand_and_spanish_token, TLD .app | confianza=90 (ruido=10%)",anularpagosbc.replit.app
https://banco.online.bbva.146-70-81-49.cprapid.com/bbva-movil/es/index.php,1,"banca | bbva | Login | marca_en_path;spanish_token | score=13, signals=spanish_brand:bbva;spanish_token:banco;spanish_token:movil;spanish_hosting:cprap | confianza=90 (ruido=10%)",banco.online.bbva.146-70-81-49.cprapid.com
https://bancosantander-es-online.preview-domain.com/xx/santa_presi/login,1,"banca | santander | Login | marca_en_path;spanish_token | score=13, signals=spanish_brand:santander;spanish_token:login;spanish_token:banco;spanish_hosting: | confianza=90 (ruido=10%)",bancosantander-es-online.preview-domain.com
https://caixabank-es-883f1e.ingress-erytho.easywp.com/particular-tarjetas/auth/access/clients/sms.php?verification,1,"banca | caixaBank | Verificación | free_hosting;marca_en_path;spanish_token | score=13, signals=spanish_brand:caixabank;spanish_brand:ing;spanish_token:tarjeta;spanish_token:sm | confianza=90 (ruido=10%)",caixabank-es-883f1e.ingress-erytho.easywp.com
https://ecarduar-bc20e9.ingress-baronn.ewp.live/new%20correos/pagomente/recibir_paquete.php,1,"logistica | correos | Pago | free_hosting;marca_en_path;spanish_token | score=19, signals=spanish_brand:ing;spanish_brand:correos;spanish_token:pago;spanish_token:paquete | confianza=90 (ruido=10%)",ecarduar-bc20e9.ingress-baronn.ewp.live
https://entrega-estndar-baf1d3.ingress-baronn.ewp.live/correos/correos/recibir_paquete.php,1,"logistica | correos | Smishing paquete | free_hosting;marca_en_path;spanish_token | score=19, signals=spanish_brand:ing;spanish_brand:correos;spanish_token:entrega;spanish_token:paqu | confianza=90 (ruido=10%)",entrega-estndar-baf1d3.ingress-baronn.ewp.live
https://gestin-particulares-es-10-b934ac.ingress-earth.ewp.live/necorreos/necorreos/recibir_paquete.php,1,"logistica | correos | Smishing paquete | free_hosting;marca_en_path;spanish_token | score=19, signals=spanish_brand:ing;spanish_brand:correos;spanish_token:paquete;spanish_token:part | confianza=90 (ruido=10%)",gestin-particulares-es-10-b934ac.ingress-earth.ewp.live
https://gestin-particulares-es-1-bc3294.ingress-daribow.ewp.live/necorreos/recibir_paquete.php,1,"logistica | correos | Smishing paquete | free_hosting;marca_en_path;spanish_token | score=19, signals=spanish_brand:ing;spanish_brand:correos;spanish_token:paquete;spanish_token:part | confianza=90 (ruido=10%)",gestin-particulares-es-1-bc3294.ingress-daribow.ewp.live
https://groupocoroeoss-bd38c7.ingress-erytho.ewp.live/login/grupo.correos/recibir_paquete.php,1,"logistica | correos | Smishing paquete | free_hosting;marca_en_path;spanish_token | score=19, signals=spanish_brand:ing;spanish_brand:correos;spanish_token:login;spanish_token:paquet | confianza=90 (ruido=10%)",groupocoroeoss-bd38c7.ingress-erytho.ewp.live
https://have-bcea5d.ingress-erytho.ewp.live/content/word/correos/recibir_paquete.php,1,"logistica | correos | Smishing paquete | free_hosting;marca_en_path;spanish_token | score=18, signals=spanish_brand:ing;spanish_brand:correos;spanish_token:paquete;spanish_token:reci | confianza=90 (ruido=10%)",have-bcea5d.ingress-erytho.ewp.live
https://informacion-bc74ce.ingress-baronn.ewp.live/cuenta/pagomente/recibir_paquete.php,1,"logistica | generico | Pago | free_hosting;marca_en_path;spanish_token | score=18, signals=spanish_brand:ing;spanish_token:pago;spanish_token:paquete;spanish_token:cuenta; | confianza=90 (ruido=10%)",informacion-bc74ce.ingress-baronn.ewp.live
https://correos-1-bc9a64.ingress-erytho.ewp.live/info/pagomente/recibir_paquete.php,1,"logistica | correos | Pago | free_hosting;marca_en_path;spanish_token | score=17, signals=spanish_brand:ing;spanish_brand:correos;spanish_token:pago;spanish_token:paquete | confianza=90 (ruido=10%)",correos-1-bc9a64.ingress-erytho.ewp.live
https://correos-bcb20b.ingress-baronn.ewp.live/login/home/correeoos/recibir_paquete.php,1,"logistica | correos | Smishing paquete | free_hosting;marca_en_path;spanish_token | score=17, signals=spanish_brand:ing;spanish_brand:correos;spanish_token:login;spanish_token:paquet | confianza=90 (ruido=10%)",correos-bcb20b.ingress-baronn.ewp.live
https://correos-bcea5d.ingress-baronn.ewp.live/log-up/pagomente/recibir_paquete.php,1,"logistica | correos | Pago | free_hosting;marca_en_path;spanish_token | score=17, signals=spanish_brand:ing;spanish_brand:correos;spanish_token:pago;spanish_token:paquete | confianza=90 (ruido=10%)",correos-bcea5d.ingress-baronn.ewp.live
https://wordpress-893197-3098519.cloudwaysapps.com/wwww.correos.es/particulares/es/recibir_paquete.php,1,"logistica | correos | Smishing paquete | marca_en_path;spanish_token | score=17, signals=spanish_brand:correos;spanish_token:paquete;spanish_token:particulares;spanish_t | confianza=90 (ruido=10%)",wordpress-893197-3098519.cloudwaysapps.com
https://consielle-bbc9ad.ingress-comporellon.ewp.live/coreoss/pagomente/recibir_paquete.php,1,"logistica | correos | Pago | free_hosting;marca_en_path;spanish_token | score=16, signals=spanish_brand:ing;spanish_token:pago;spanish_token:paquete;spanish_token:recibir | confianza=90 (ruido=10%)",consielle-bbc9ad.ingress-comporellon.ewp.live
https://correosexpriiso-b7be51.ingress-comporellon.ewp.live/crss/adam/recibir_paquete.php,1,"logistica | correos | Smishing paquete | free_hosting;marca_en_path;spanish_token | score=16, signals=spanish_brand:ing;spanish_brand:correos;spanish_token:paquete;spanish_token:reci | confianza=90 (ruido=10%)",correosexpriiso-b7be51.ingress-comporellon.ewp.live
https://correosparricularesssss-bd6c41.ingress-earth.ewp.live/tkeee/zeeed/recibir_paquete.php,1,"logistica | correos | Smishing paquete | free_hosting;marca_en_path;spanish_token | score=16, signals=spanish_brand:ing;spanish_brand:correos;spanish_token:paquete;spanish_token:reci | confianza=90 (ruido=10%)",correosparricularesssss-bd6c41.ingress-earth.ewp.live
https://correosparticularsestaaa-bce9d7.ingress-daribow.ewp.live/hp5dt/cesp/recibir_paquete.php,1,"logistica | correos | Smishing paquete | free_hosting;marca_en_path;spanish_token | score=16, signals=spanish_brand:ing;spanish_brand:correos;spanish_token:paquete;spanish_token:reci | confianza=90 (ruido=10%)",correosparticularsestaaa-bce9d7.ingress-daribow.ewp.live
https://correosss-ew-be2384.ingress-erytho.ewp.live/ls-spn/recibir_paquete.php,1,"logistica | correos | Smishing paquete | free_hosting;marca_en_path;spanish_token | score=16, signals=spanish_brand:ing;spanish_brand:correos;spanish_token:paquete;spanish_token:reci | confianza=90 (ruido=10%)",correosss-ew-be2384.ingress-erytho.ewp.live
https://corrreosspain-bc31cb.ingress-bonde.ewp.live/es/pagomente/recibir_paquete.php,1,"logistica | correos | Pago | free_hosting;marca_en_path;spanish_token | score=16, signals=spanish_brand:ing;spanish_token:pago;spanish_token:paquete;spanish_token:recibir | confianza=90 (ruido=10%)",corrreosspain-bc31cb.ingress-bonde.ewp.live
https://cuotasnopagadas-1-bc0ed7.ingress-earth.ewp.live/confirmeelpago/recibir_paquete.php,1,"logistica | generico | Pago | free_hosting;marca_en_path;spanish_token | score=16, signals=spanish_brand:ing;spanish_token:pago;spanish_token:paquete;spanish_token:recibir | confianza=90 (ruido=10%)",cuotasnopagadas-1-bc0ed7.ingress-earth.ewp.live
https://espaserv-bc31cb.ingress-erytho.ewp.live/spain/pagomente/recibir_paquete.php,1,"logistica | correos | Pago | free_hosting;marca_en_path;spanish_token | score=16, signals=spanish_brand:ing;spanish_token:pago;spanish_token:paquete;spanish_token:recibir | confianza=90 (ruido=10%)",espaserv-bc31cb.ingress-erytho.ewp.live
https://recibir-paquete-da9943.ingress-erytho.ewp.live/correos,1,"logistica | correos | Smishing paquete | free_hosting;marca_en_path;spanish_token | score=16, signals=spanish_brand:ing;spanish_brand:correos;spanish_token:paquete;spanish_token:reci | confianza=90 (ruido=10%)",recibir-paquete-da9943.ingress-erytho.ewp.live
https://site73-bd0bf7.ingress-erytho.ewp.live/867524/pagomente/recibir_paquete.php,1,"logistica | correos | Pago | free_hosting;marca_en_path;spanish_token | score=16, signals=spanish_brand:ing;spanish_token:pago;spanish_token:paquete;spanish_token:recibir | confianza=90 (ruido=10%)",site73-bd0bf7.ingress-erytho.ewp.live
http://www.paqueteseur.info/Correos/Seleccione_medio_de_pago_codigo.php,1,"logistica | seur | Pago | marca_en_path;spanish_token | score=16, signals=spanish_brand:correos;spanish_brand:seur;spanish_token:pago;spanish_token:paquet | confianza=90 (ruido=10%)",paqueteseur.info
http://correos-esxpress.tempurl.host/correos-esxpress.tempurl.host/es/recibir_paquete.php,1,"logustuca | correos | Smishing paquete | marca_en_path;spanish_token | score=15, signals=spanish_brand:correos;spanish_token:paquete;spanish_token:recibir;spanish_hostin | confianza=90 (ruido=10%)",correos-esxpress.tempurl.host
http://correos-spain.tempurl.host/es/recibir_paquete.php,1,"logistica | correos | Smishing paquete | marca_en_path;spanish_token | score=15, signals=spanish_brand:correos;spanish_token:paquete;spanish_token:recibir;spanish_hostin | confianza=90 (ruido=10%)",correos-spain.tempurl.host
https://co-bccd2c.ingress-bonde.ewp.live/po/home/recibir_paquete.php,1,"logistica | generico | Smishing paquete | free_hosting;marca_en_path;spanish_token | score=15, signals=spanish_brand:ing;spanish_token:paquete;spanish_token:recibir;brand_and_spanish_ | confianza=90 (ruido=10%)",co-bccd2c.ingress-bonde.ewp.live
https://correos-b69ce7.ingress-daribow.ewp.live/correos.spania/correos/coress/coress/manage/sms/sms2.html,1,"logistica | correos | Smishing paquete | free_hosting;marca_en_path;spanish_token | score=15, signals=spanish_brand:ing;spanish_brand:correos;spanish_token:sms;brand_and_spanish_toke | confianza=90 (ruido=10%)",correos-b69ce7.ingress-daribow.ewp.live
https://correosespana-b4c727.ingress-earth.ewp.live/auth/erreur-sms.php,1,"logistica | correos | Smishing paquete | free_hosting;marca_en_path;spanish_token | score=15, signals=spanish_brand:ing;spanish_brand:correos;spanish_token:sms;brand_and_spanish_toke | confianza=90 (ruido=10%)",correosespana-b4c727.ingress-earth.ewp.live
https://correos-expresse-673ba7.ingress-baronn.ewp.live/correos/correopin/manage,1,"logistica | correos | Smishing paquete | free_hosting;marca_en_path;spanish_token | score=15, signals=spanish_brand:ing;spanish_brand:correos;spanish_token:pin;brand_and_spanish_toke | confianza=90 (ruido=10%)",correos-expresse-673ba7.ingress-baronn.ewp.live
https://correosinfoweb.tempurl.host/infoswebservicios/recibir_paquete.php,1,"logistica | correos | Smishing paquete | marca_en_path;spanish_token | score=15, signals=spanish_brand:correos;spanish_token:paquete;spanish_token:recibir;spanish_hostin | confianza=90 (ruido=10%)",correosinfoweb.tempurl.host
https://demo2.cloudwp.dev/trial-2tt3605y/correos/recibir_paquete.php,1,"logistica | correos | Smishing paquete | marca_en_path;spanish_token | score=15, signals=spanish_brand:correos;spanish_token:paquete;spanish_token:recibir;brand_and_span | confianza=90 (ruido=10%)",demo2.cloudwp.dev
https://multas-dgt34-cat-ripaille38158623.codeanyapp.com/h/sd/infospage.php,1,"publico | dgt | Multa | marca_en_path;spanish_token | score=12, signals=spanish_brand:dgt;spanish_token:multa;spanish_hosting:codeanyapp.com;brand_and_s | confianza=90 (ruido=10%)",multas-dgt34-cat-ripaille38158623.codeanyapp.com
https://servicioelportal-particulare-bc8925.ingress-daribow.ewp.live/anonos/corios/cliente/es/bienvenido%20a%20correos.es%20-%20el%20portal%20online%20de%20correos.html,1,"genreico | generico | Smishing paquete | free_hosting;marca_en_path;spanish_token | score=20, signals=spanish_brand:ing;spanish_brand:correos;spanish_token:cliente;spanish_token:port | confianza=90 (ruido=10%)",servicioelportal-particulare-bc8925.ingress-daribow.ewp.live
http://alertanotificacionesdinamicos.com/verificacion/estado/ingreso/proceso/estimado/sucarsal/index.php,1,"general | generico | Verificación | marca_en_path;spanish_token | score=14, signals=spanish_brand:ing;spanish_token:verificacion;spanish_token:notificacion;spanish_ | confianza=90 (ruido=10%)",alertanotificacionesdinamicos.com
https://clientes-servicio-b9f795.ingress-earth.ewp.live/parkospx/clients/login.php,1,"generico | generico | Login | free_hosting;marca_en_path;spanish_token | score=14, signals=spanish_brand:ing;spanish_token:cliente;spanish_token:clientes;spanish_token:log | confianza=90 (ruido=10%)",clientes-servicio-b9f795.ingress-earth.ewp.live
https://mi-cuenta-informacion-b58175.ingress-baronn.ewp.live/es/access/clients/login.php,1,"generico | generico | Login | free_hosting;marca_en_path;spanish_token | score=14, signals=spanish_brand:ing;spanish_token:login;spanish_token:cuenta;spanish_token:forma;b | confianza=90 (ruido=10%)",mi-cuenta-informacion-b58175.ingress-baronn.ewp.live
https://2333-b5e370.ingress-earth.ewp.live/acceso/es/clients/login.php?verification,1,"generico | generico | Verificación | free_hosting;marca_en_path;spanish_token | score=13, signals=spanish_brand:ing;spanish_token:acceso;spanish_token:login;brand_and_spanish_tok | confianza=90 (ruido=10%)",2333-b5e370.ingress-earth.ewp.live
https://e-1-ba384c.ingress-florina.ewp.live/c/cs/recibir_paquete.php,1,"logistica | generico | Smishing paquete | free_hosting;marca_en_path;spanish_token | score=15, signals=spanish_brand:ing;spanish_token:paquete;spanish_token:recibir;brand_and_spanish_ | confianza=90 (ruido=10%)",e-1-ba384c.ingress-florina.ewp.live
https://paquetesdeaduanasdnsarmy-b85505.ingress-daribow.ewp.live/pagoconyfirmacion,1,"logistica | generico | Pago | free_hosting;marca_en_path;spanish_token | score=15, signals=spanish_brand:ing;spanish_token:pago;spanish_token:paquete;spanish_token:paquete | confianza=90 (ruido=10%)",paquetesdeaduanasdnsarmy-b85505.ingress-daribow.ewp.live
https://particulares-es-2-bb00c9.ingress-bonde.ewp.live/correos-es/es/correos%20express.html,1,"logistica | correos | Smishing paquete | free_hosting;marca_en_path;spanish_token | score=15, signals=spanish_brand:ing;spanish_brand:correos;spanish_token:particulares;brand_and_spa | confianza=90 (ruido=10%)",particulares-es-2-bb00c9.ingress-bonde.ewp.live
https://service-3-b3490c.ingress-comporellon.ewp.live/aa/recibir_paquete.php,1,"logistica | generico | Smishing paquete | free_hosting;marca_en_path;spanish_token | score=15, signals=spanish_brand:ing;spanish_token:paquete;spanish_token:recibir;brand_and_spanish_ | confianza=90 (ruido=10%)",service-3-b3490c.ingress-comporellon.ewp.live
https://support-services.tempurl.host/es/correos/recibir_paquete.php,1,"logistica | correos | Smishing paquete | marca_en_path;spanish_token | score=15, signals=spanish_brand:correos;spanish_token:paquete;spanish_token:recibir;spanish_hostin | confianza=90 (ruido=10%)",support-services.tempurl.host
https://track2022-bf075e.ingress-daribow.ewp.live/12/recibir_paquete.php,1,"logistica | generico | Smishing paquete | free_hosting;marca_en_path;spanish_token | score=15, signals=spanish_brand:ing;spanish_token:paquete;spanish_token:recibir;brand_and_spanish_ | confianza=90 (ruido=10%)",track2022-bf075e.ingress-daribow.ewp.live
https://zsdjfjza-b1246e.ingress-florina.ewp.live/correos/cuenta/clients/cc.php?verification,1,"logistica | correos | Verificación | free_hosting;marca_en_path;spanish_token | score=15, signals=spanish_brand:ing;spanish_brand:correos;spanish_token:cuenta;brand_and_spanish_t | confianza=90 (ruido=10%)",zsdjfjza-b1246e.ingress-florina.ewp.live
http://correos.es-es-es-herramientas-localizador-envios.u962745a2w.ha005.t.justns.ru/71da2eb1bb4778f/sms/index.html,1,"logistica | correos | Smishing paquete | marca_en_path;spanish_token | score=14, signals=spanish_brand:correos;spanish_token:envio;spanish_token:sms;spanish_marker:.es;b | confianza=90 (ruido=10%)",correos.es-es-es-herramientas-localizador-envios.u962745a2w.ha005.t.justns.ru
http://oficinacorreos.page.link/es,1,"logistica | correos | Smishing paquete | marca_en_path;spanish_token | score=14, signals=spanish_brand:correos;spanish_token:oficina;spanish_hosting:page.link;brand_and_ | confianza=90 (ruido=10%)",oficinacorreos.page.link
https://amgmarketing.org/correos/pagomentee/pagomente/recibir_paquete.php,1,"logistica | correos | Pago | marca_en_path;spanish_token | score=14, signals=spanish_brand:ing;spanish_brand:correos;spanish_token:pago;spanish_token:paquete | confianza=90 (ruido=10%)",amgmarketing.org
https://coreosnotification-b7bd01.ingress-erytho.ewp.live/manage/sms/sms2.html,1,"logistica | correos | Login | free_hosting;marca_en_path;spanish_token | score=14, signals=spanish_brand:ing;spanish_token:sms;brand_and_spanish_token_boost;path_verificat | confianza=90 (ruido=10%)",coreosnotification-b7bd01.ingress-erytho.ewp.live
https://correos-dev.tempurl.host/es/manage/sms/sms2.html,1,"logistica | correos | Smishing paquete | marca_en_path;spanish_token | score=14, signals=spanish_brand:correos;spanish_token:sms;spanish_hosting:tempurl.host;brand_and_s | confianza=90 (ruido=10%)",correos-dev.tempurl.host
https://correosinfolog.tempurl.host/info/net/manage/sms/sms2.html,1,"logistica | correos | Smishing paquete | marca_en_path;spanish_token | score=14, signals=spanish_brand:correos;spanish_token:sms;spanish_hosting:tempurl.host;brand_and_s | confianza=90 (ruido=10%)",correosinfolog.tempurl.host
https://corrreos-bc3f77.ingress-comporellon.ewp.live/corex%20%20not%20edit/auth/erreur-sms.php,1,"logistica | correos | Login | free_hosting;marca_en_path;spanish_token | score=14, signals=spanish_brand:ing;spanish_token:sms;brand_and_spanish_token_boost;path_verificat | confianza=90 (ruido=10%)",corrreos-bc3f77.ingress-comporellon.ewp.live
https://www.redwood-consulting.com/particulares/correos.es-es/detalle.php,1,"logistica | correos | Smishing paquete | marca_en_path;spanish_token | score=14, signals=spanish_brand:ing;spanish_brand:correos;spanish_token:particulares;spanish_marke | confianza=90 (ruido=10%)",redwood-consulting.com
https://acceso-ba004e.ingress-baronn.ewp.live/acceso-es/clients/login.php,1,"generico | generico | Login | free_hosting;marca_en_path;spanish_token | score=13, signals=spanish_brand:ing;spanish_token:acceso;spanish_token:login;brand_and_spanish_tok | confianza=90 (ruido=10%)",acceso-ba004e.ingress-baronn.ewp.live
https://appvirtual.cloudbanshag.cloud/verificacion/mua/waiting/scis/j6unvhzsitlyrxstpnfun4tssjgejkn7dldp6fxsjfxo/3d/no-back-button,1,"generico | generico | Verificación | kit_3dsecure;marca_en_path;spanish_token | score=13, signals=spanish_brand:ing;spanish_token:verificacion;spanish_token:verificacion;brand_an | confianza=90 (ruido=10%)",appvirtual.cloudbanshag.cloud
https://bixtnet-c439fe.ingress-erytho.ewp.live/movile/home/particulares.php,1,"generico | generico | Login | free_hosting;marca_en_path;spanish_token | score=13, signals=spanish_brand:ing;spanish_token:movil;spanish_token:particulares;brand_and_spani | confianza=90 (ruido=10%)",bixtnet-c439fe.ingress-erytho.ewp.live
https://caixabank.es.cosmoinnovations.com/caixa-vbve_final/caixa-vbv/caixa-vbv/caixa-vbvfinal/home/espera2.html,1,"banca | caixaBank | Login | marca_en_path;spanish_token | score=13, signals=spanish_brand:caixabank;spanish_token:espera;spanish_marker:.es;brand_and_spanis | confianza=90 (ruido=10%)",caixabank.es.cosmoinnovations.com
https://caixabank.es.sabadent.ir/particular/holabank/online-banking/surf3.php?cmd=login_submit&id=8fef5d7f641561f369823443d4425a048fef5d7f641561f369823443d4425a04&session=8fef5d7f641561f369823443d4425a048fef5d7f641561f369823443d4425a04,1,"banca | caixaBank | Verificación | kit_3dsecure;marca_en_path;spanish_token | score=13, signals=spanish_brand:caixabank;spanish_brand:ing;spanish_token:login;spanish_marker:.es | confianza=90 (ruido=10%)",caixabank.es.sabadent.ir
https://caixbk-b947df.ingress-comporellon.ewp.live/accesoo/acceso/es/clients/login.php?verification,1,"banca | caixaBank | Verificación | free_hosting;marca_en_path;spanish_token | score=13, signals=spanish_brand:ing;spanish_token:acceso;spanish_token:login;brand_and_spanish_tok | confianza=90 (ruido=10%)",caixbk-b947df.ingress-comporellon.ewp.live
https://caxialoop16accessseoclientoe-b5633c.ingress-earth.ewp.live/apoyo/home/espera2.html,1,"banca | caixabank | Login | free_hosting;marca_en_path;spanish_token | score=13, signals=spanish_brand:ing;spanish_token:espera;brand_and_spanish_token_boost;path_verifi | confianza=90 (ruido=10%)",caxialoop16accessseoclientoe-b5633c.ingress-earth.ewp.live
https://confirmacion-cuenta-1-9cd542.ingress-comporellon.easywp.com/mi-cuenta/acceso/es/clients/login.php,1,"generico | generico | Confirmación | free_hosting;marca_en_path;spanish_token | score=13, signals=spanish_brand:ing;spanish_token:acceso;spanish_token:login;spanish_token:confirm | confianza=90 (ruido=10%)",confirmacion-cuenta-1-9cd542.ingress-comporellon.easywp.com
https://correospaquette-bcfe8c.ingress-florina.ewp.live/pagomente_spain,1,"logistica | correos | Pago | free_hosting;marca_en_path;spanish_token | score=13, signals=spanish_brand:ing;spanish_brand:correos;spanish_token:pago;brand_and_spanish_tok | confianza=90 (ruido=10%)",correospaquette-bcfe8c.ingress-florina.ewp.live
https://cuentainformacion-b8eb22.ingress-comporellon.ewp.live/express/corexbt/auth/billing.php,1,"generico | generico | Login | free_hosting;marca_en_path;spanish_token | score=13, signals=spanish_brand:ing;spanish_token:cuenta;spanish_token:forma;brand_and_spanish_tok | confianza=90 (ruido=10%)",cuentainformacion-b8eb22.ingress-comporellon.ewp.live
https://cuenta-informacion-bcbeaf.ingress-daribow.ewp.live/ing/ing/coo.php,1,"banca | ing | Login | free_hosting;marca_en_path;spanish_token | score=13, signals=spanish_brand:ing;spanish_token:cuenta;spanish_token:forma;brand_and_spanish_tok | confianza=90 (ruido=10%)",cuenta-informacion-bcbeaf.ingress-daribow.ewp.live
https://cuentas.15-237-142-160.cprapid.com/bbva_light,1,"banca | bbva | Login | marca_en_path;spanish_token | score=13, signals=spanish_brand:bbva;spanish_token:cuenta;spanish_token:cuentas;spanish_hosting:cp | confianza=90 (ruido=10%)",cuentas.15-237-142-160.cprapid.com
https://cuentas.170-64-148-61.cprapid.com/app/bbva_light,1,"banca | bbva | Login | marca_en_path;spanish_token | score=13, signals=spanish_brand:bbva;spanish_token:cuenta;spanish_token:cuentas;spanish_hosting:cp | confianza=90 (ruido=10%)",cuentas.170-64-148-61.cprapid.com
https://eniar-codigos-postales-oficinas-user565.codeanyapp.com/spain/correos/auth,1,"logistica | correos | Verificación | marca_en_path;spanish_token | score=13, signals=spanish_brand:correos;spanish_token:oficina;spanish_token:codigo;spanish_hosting | confianza=90 (ruido=10%)",eniar-codigos-postales-oficinas-user565.codeanyapp.com
http://seur.mispaquete.com/app/recibir/envio-online2/templates/cc.php,1,"logistica | seur | Smishing paquete | marca_en_path;spanish_token | score=13, signals=spanish_brand:seur;spanish_token:envio;spanish_token:paquete;spanish_token:recib | confianza=90 (ruido=10%)",seur.mispaquete.com
https://informacion-cliente-spainespain34122306.codeanyapp.com/cr/ss/corr/billing.php,1,"generico | generico | Login | marca_en_path;spanish_token | score=13, signals=spanish_brand:ing;spanish_token:cliente;spanish_token:forma;spanish_hosting:code | confianza=90 (ruido=10%)",informacion-cliente-spainespain34122306.codeanyapp.com
https://loikolaka-1.builderallwppro.com/correosi/vv/cors/pagomente/recibir_paquete.php,1,"logistica | correos | Pago | marca_en_path;spanish_token | score=13, signals=spanish_brand:correos;spanish_token:pago;spanish_token:paquete;spanish_token:rec | confianza=90 (ruido=10%)",loikolaka-1.builderallwppro.com
https://nowsantaempresas-bc7376.ingress-comporellon.ewp.live/sant/actualizacion/home/particulares.php,1,"banca | santander | Login | free_hosting;marca_en_path;spanish_token | score=13, signals=spanish_brand:ing;spanish_token:actualizacion;spanish_token:particulares;brand_a | confianza=90 (ruido=10%)",nowsantaempresas-bc7376.ingress-comporellon.ewp.live
https://particulares-bancosantander.codeanyapp.com/zepek/iniciar.php,1,"banca | santander | Login | marca_en_path;spanish_token | score=13, signals=spanish_brand:santander;spanish_token:banco;spanish_token:particulares;spanish_h | confianza=90 (ruido=10%)",particulares-bancosantander.codeanyapp.com
https://particulares-bancosantander-es-beyogal852715907.codeanyapp.com/es/index.php,1,"banca | santander | Login | marca_en_path;spanish_token | score=13, signals=spanish_brand:santander;spanish_token:banco;spanish_token:particulares;spanish_h | confianza=90 (ruido=10%)",particulares-bancosantander-es-beyogal852715907.codeanyapp.com
https://particulares-bancosantander-es.preview-domain.com/xx/santa_presi,1,"banca | santander | Login | marca_en_path;spanish_token | score=13, signals=spanish_brand:santander;spanish_token:banco;spanish_token:particulares;spanish_h | confianza=90 (ruido=10%)",particulares-bancosantander-es.preview-domain.com
https://particulares-es-1-bd5e31.ingress-daribow.ewp.live/particulares/clients/login.php?f2828d9d,1,"generico | generico | Login | free_hosting;marca_en_path;spanish_token | score=13, signals=spanish_brand:ing;spanish_token:login;spanish_token:particulares;brand_and_spani | confianza=90 (ruido=10%)",particulares-es-1-bd5e31.ingress-daribow.ewp.live
https://particulares-es-b965d0.ingress-comporellon.ewp.live/es-parti/clients/login.php,1,"generico | generico | Login | free_hosting;marca_en_path;spanish_token | score=13, signals=spanish_brand:ing;spanish_token:login;spanish_token:particulares;brand_and_spani | confianza=90 (ruido=10%)",particulares-es-b965d0.ingress-comporellon.ewp.live
https://personal-santanders-pago-movil-es-app-subscriptions.codeanyapp.com/santaaa/iniciar.php,1,"banca | santander | Pago | marca_en_path;spanish_token | score=13, signals=spanish_brand:santander;spanish_token:pago;spanish_token:movil;spanish_hosting:c | confianza=90 (ruido=10%)",personal-santanders-pago-movil-es-app-subscriptions.codeanyapp.com
https://portalxciaxaparticularesloc16-b3cb76.ingress-florina.ewp.live/m8/home,1,"banca | caixabank | Login | free_hosting;marca_en_path;spanish_token | score=13, signals=spanish_brand:ing;spanish_token:portal;spanish_token:particulares;brand_and_span | confianza=90 (ruido=10%)",portalxciaxaparticularesloc16-b3cb76.ingress-florina.ewp.live
https://servicio-cliente-st-b9fc89.ingress-baronn.ewp.live/santapage1edite/login.php,1,"banca | santander | Login | free_hosting;marca_en_path;spanish_token | score=13, signals=spanish_brand:ing;spanish_token:cliente;spanish_token:login;brand_and_spanish_to | confianza=90 (ruido=10%)",servicio-cliente-st-b9fc89.ingress-baronn.ewp.live
https://sistemaactivada-bb172f.ingress-earth.ewp.live/cuenta/home/particulares.php,1,"banca | generico | Login | free_hosting;marca_en_path;spanish_token | score=13, signals=spanish_brand:ing;spanish_token:cuenta;spanish_token:particulares;brand_and_span | confianza=90 (ruido=10%)",sistemaactivada-bb172f.ingress-earth.ewp.live
https://sncrly-bbva.xyz/bbva/area_cliente/smsconfirmacionerreur.html,1,"banca | bbva | Confirmación | marca_en_path;spanish_token | score=13, signals=spanish_brand:bbva;spanish_token:cliente;spanish_token:confirmacion;spanish_toke | confianza=90 (ruido=10%)",sncrly-bbva.xyz
https://supanort22-baa4c7.ingress-erytho.ewp.live/aaccesoo/acceso/es/clients/login.php,1,"generico | generico | Login | free_hosting;marca_en_path;spanish_token | score=13, signals=spanish_brand:ing;spanish_token:acceso;spanish_token:login;brand_and_spanish_tok | confianza=90 (ruido=10%)",supanort22-baa4c7.ingress-erytho.ewp.live
https://supoertas22-bb468f.ingress-bonde.ewp.live/acceso/acceso/es/clients/login.php?verification,1,"generico | generico | Verificación | free_hosting;marca_en_path;spanish_token | score=13, signals=spanish_brand:ing;spanish_token:acceso;spanish_token:login;brand_and_spanish_tok | confianza=90 (ruido=10%)",supoertas22-bb468f.ingress-bonde.ewp.live
https://suponsoo22-ba6aa2.ingress-florina.ewp.live/accesooo/acceso/es/clients/login.php,1,"generico | generico | Login | free_hosting;marca_en_path;spanish_token | score=13, signals=spanish_brand:ing;spanish_token:acceso;spanish_token:login;brand_and_spanish_tok | confianza=90 (ruido=10%)",suponsoo22-ba6aa2.ingress-florina.ewp.live
https://suponsoro22-ba9799.ingress-daribow.ewp.live/acceesoo/acceso/es/clients/login.php,1,"generico | generico | Login | free_hosting;marca_en_path;spanish_token | score=13, signals=spanish_brand:ing;spanish_token:acceso;spanish_token:login;brand_and_spanish_tok | confianza=90 (ruido=10%)",suponsoro22-ba9799.ingress-daribow.ewp.live
https://web-5.builderallwppro.com/necorreos/vv/cors/pagomente/recibir_paquete.php,1,"logistica | correos | Pago | marca_en_path;spanish_token | score=13, signals=spanish_brand:correos;spanish_token:pago;spanish_token:paquete;spanish_token:rec | confianza=90 (ruido=10%)",web-5.builderallwppro.com
https://wififpt.com.vn/es/bankia.es/es/acceso-clientes/acceso-clientes/es/loading.php?link=info,1,"banca | bankia | Login | marca_en_path;spanish_token | score=13, signals=spanish_brand:ing;spanish_token:cliente;spanish_token:clientes;spanish_token:acc | confianza=90 (ruido=10%)",wififpt.com.vn
https://www.mobile.kinman.com/.well-known/acme-challenge/xb3rlin-finalcorreos/pagomente/pagomente/recibir_paquete.php,1,"logistica | correos | Pago | marca_en_path;spanish_token | score=13, signals=spanish_brand:correos;spanish_token:pago;spanish_token:paquete;spanish_token:rec | confianza=90 (ruido=10%)",mobile.kinman.com
http://webseguridadcuenta-9e626b.ingress-bonde.easywp.com/cuenta/eses/auth/access/clients/sms.php?error=1&verification=,1,"generico | generico | Verificación | free_hosting;marca_en_path;spanish_token | score=13, signals=spanish_brand:ing;spanish_token:seguridad;spanish_token:cuenta;spanish_token:sms | confianza=90 (ruido=10%)",webseguridadcuenta-9e626b.ingress-bonde.easywp.com
http://wingerdgastehuis.co.za/Bienvenido%20a%20Correos.es%20-%20El%20Portal%20Online%20de%20Correos.html,1,"logistica | correos | Smishing paquete | marca_en_path;spanish_token | score=13, signals=spanish_brand:ing;spanish_brand:correos;spanish_token:portal;spanish_marker:.es; | confianza=90 (ruido=10%)",wingerdgastehuis.co.za
http://122.114.173.242:30/bancosantander.es/particulares.php,1,"banca | santander | Login | marca_en_path;spanish_token | score=12, signals=spanish_brand:santander;spanish_token:banco;spanish_token:particulares;spanish_m | confianza=90 (ruido=10%)",122.114.173.242:30
http://dinamicaenlineatusucursal.com/verificacion/estado/ingreso/proceso/estimado/sucarsal,1,"banca | generico | Verificación | marca_en_path;spanish_token | score=12, signals=spanish_brand:ing;spanish_token:verificacion;spanish_token:verificacion;brand_an | confianza=90 (ruido=10%)",dinamicaenlineatusucursal.com
http://envios-sinotrans-correos.com/seguimiento/pagomentaes/recibir_paquete.php,1,"logistica | correos | Pago | marca_en_path;spanish_token | score=12, signals=spanish_brand:correos;spanish_token:pago;spanish_token:envio;spanish_token:paque | confianza=90 (ruido=10%)",envios-sinotrans-correos.com
http://go.vpscairo.com/vpscairo_files/core/ess/bienvenido%20a%20correos.es%20-%20el%20portal%20online%20de%20correos.html,1,"logistica | correos | Smishing paquete | marca_en_path;spanish_token | score=12, signals=spanish_brand:correos;spanish_token:portal;spanish_marker:.es;brand_and_spanish_ | confianza=90 (ruido=10%)",go.vpscairo.com
http://ing-banco.es.swtest.ru/ing/ing/sms_code_error.php,1,"banca | ing | Login | marca_en_path;spanish_token | score=12, signals=spanish_brand:ing;spanish_token:banco;spanish_token:sms;spanish_marker:.es;brand | confianza=90 (ruido=10%)",ing-banco.es.swtest.ru
http://kiddofeedo.com/vip/images/gruposantander/home/sms_codigo,1,"banca | santander | Verificación | marca_en_path;spanish_token | score=12, signals=spanish_brand:santander;spanish_token:codigo;spanish_token:sms;brand_and_spanish | confianza=90 (ruido=10%)",kiddofeedo.com
http://magento-421793-1325519.cloudwaysapps.com/ing%20-%20banco%20online%20sin%20comisiones12/sms.html,1,"banca | ing | Login | marca_en_path;spanish_token | score=12, signals=spanish_brand:ing;spanish_token:banco;spanish_token:sms;brand_and_spanish_token_ | confianza=90 (ruido=10%)",magento-421793-1325519.cloudwaysapps.com
http://mooneygroup-it.builderallwppro.com/correos/recibir_paquete.php,1,"logsitica | correos | Smishing paquete | marca_en_path;spanish_token | score=12, signals=spanish_brand:correos;spanish_token:paquete;spanish_token:recibir;brand_and_span | confianza=90 (ruido=10%)",mooneygroup-it.builderallwppro.com
http://ngievsm.beget.tech/icl/ingbanco.es/ing_n/4c95e/code/num/confirmacionmovil.php,1,"banca | ing | Confirmación | marca_en_path;spanish_token | score=12, signals=spanish_brand:ing;spanish_token:confirmacion;spanish_token:banco;spanish_token:m | confianza=90 (ruido=10%)",ngievsm.beget.tech
http://nuevaentrega-b527a7.ingress-earth.ewp.live/amazon,1,"logistica | amazon | Login | free_hosting;marca_en_path;spanish_token | score=12, signals=spanish_brand:ing;spanish_token:entrega;brand_and_spanish_token_boost;brand_in_s | confianza=90 (ruido=10%)",nuevaentrega-b527a7.ingress-earth.ewp.live
https://0536dd8.wcomhost.com/caixabank/particulares_es/home/Tarjeta2.html,1,"banca | caixaBank | Login | marca_en_path;spanish_token | score=12, signals=spanish_brand:caixabank;spanish_token:tarjeta;spanish_token:particulares;brand_a | confianza=90 (ruido=10%)",0536dd8.wcomhost.com
https://accesociaxatarieta-b31c49.ingress-erytho.ewp.live/fueoss/home,1,"banca | generico | Login | free_hosting;marca_en_path;spanish_token | score=12, signals=spanish_brand:ing;spanish_token:acceso;brand_and_spanish_token_boost;brand_in_su | confianza=90 (ruido=10%)",accesociaxatarieta-b31c49.ingress-erytho.ewp.live
