url,__source_file
https://www.kraken.com/,cripto_legitimas_crudo.csv
https://bit2me.com/buy-axie-infinity,cripto_legitimas_crudo.csv
https://bit2me.com/suite/custody,cripto_legitimas_crudo.csv
https://bit2me.com/buy-cardano,cripto_legitimas_crudo.csv
https://bit2me.com/suite,cripto_legitimas_crudo.csv
https://bit2me.com/buy-bittorrent,cripto_legitimas_crudo.csv
https://bit2me.com/price/xana,cripto_legitimas_crudo.csv
https://academy.bit2me.com/en/,cripto_legitimas_crudo.csv
https://bit2me.com/buy-crypto-com-chain,cripto_legitimas_crudo.csv
https://bit2me.com/sell-cryptocurrencies,cripto_legitimas_crudo.csv
https://app.bit2me.com,cripto_legitimas_crudo.csv
https://bit2me.com/price/delorean,cripto_legitimas_crudo.csv
https://bit2me.com/buy-solana,cripto_legitimas_crudo.csv
https://bit2me.com/price/conflux,cripto_legitimas_crudo.csv
https://bit2me.com/consulting,cripto_legitimas_crudo.csv
https://bit2me.com/space-center,cripto_legitimas_crudo.csv
https://bit2me.com/affiliates,cripto_legitimas_crudo.csv
https://bit2me.com/buy-staked-ether,cripto_legitimas_crudo.csv
https://bit2me.com/suite/launchpad/project/a1x,cripto_legitimas_crudo.csv
https://bit2me.com/learn/cursos/curso-de-tributacion-e-impuestos-de-bitcoin-y-otras-criptomonedas/,cripto_legitimas_crudo.csv
https://bit2me.com/legal/complaints-channel,cripto_legitimas_crudo.csv
https://bit2me.com/legal/cookies,cripto_legitimas_crudo.csv
https://bit2me.com/suite/commerce,cripto_legitimas_crudo.csv
https://bit2me.com/price/ethereum,cripto_legitimas_crudo.csv
https://bit2me.com/suite/pay,cripto_legitimas_crudo.csv
https://bit2me.com/price/bit2me-token,cripto_legitimas_crudo.csv
https://empleo.bit2me.com/jobs,cripto_legitimas_crudo.csv
https://bit2me.com/about,cripto_legitimas_crudo.csv
https://bit2me.com/buy-compound-usd-coin,cripto_legitimas_crudo.csv
https://bit2me.com/widget,cripto_legitimas_crudo.csv
https://support.bit2me.com/ensupport/solutions/articles/35000170366,cripto_legitimas_crudo.csv
https://bit2me.com/legal/money-license,cripto_legitimas_crudo.csv
https://bit2me.com/buy-bitcoin,cripto_legitimas_crudo.csv
https://academy.bit2me.com/en/que-es-minar-bitcoins/,cripto_legitimas_crudo.csv
https://bit2me.com/price/bitcoin,cripto_legitimas_crudo.csv
https://bit2me.com/buy-ethereum,cripto_legitimas_crudo.csv
https://bit2me.com/legal/advertising,cripto_legitimas_crudo.csv
https://bit2me.com/buy-litecoin,cripto_legitimas_crudo.csv
https://bit2me.com/buy-bitcoin-sv,cripto_legitimas_crudo.csv
https://bit2me.com/verify,cripto_legitimas_crudo.csv
https://bit2me.com/learn/cursos/curso-elemental-de-nft/,cripto_legitimas_crudo.csv
https://bit2me.com/price/zora,cripto_legitimas_crudo.csv
https://bit2me.com/price/concordium,cripto_legitimas_crudo.csv
https://academy.bit2me.com/en/como-obtener-bitcoins-gratis/,cripto_legitimas_crudo.csv
https://bit2me.com/experts,cripto_legitimas_crudo.csv
https://bit2me.com/cryptotour,cripto_legitimas_crudo.csv
https://bit2me.com/go/www-login-mobile,cripto_legitimas_crudo.csv
https://academy.bit2me.com/en/que-es-bitcoin-resumen/,cripto_legitimas_crudo.csv
https://bit2me.com/whitelabel,cripto_legitimas_crudo.csv
https://bit2me.com/,cripto_legitimas_crudo.csv
https://bit2me.com/buy-wrapped-bitcoin,cripto_legitimas_crudo.csv
https://bit2me.com/price/cardano,cripto_legitimas_crudo.csv
https://bit2me.com/global,cripto_legitimas_crudo.csv
https://bit2me.com/buy-kucoin-shares,cripto_legitimas_crudo.csv
https://bit2me.com/buy-dogecoin,cripto_legitimas_crudo.csv
https://news.bit2me.com/en/,cripto_legitimas_crudo.csv
https://bit2me.com/stx,cripto_legitimas_crudo.csv
https://bit2me.com/buy-binance-usd,cripto_legitimas_crudo.csv
https://bit2me.com/buy-ripple,cripto_legitimas_crudo.csv
https://bit2me.com/suite/tax,cripto_legitimas_crudo.csv
https://bit2me.com/app-redirect,cripto_legitimas_crudo.csv
https://bit2me.com/buy-bit2me-token,cripto_legitimas_crudo.csv
https://bit2me.com/register?utm_source=bit2me&utm_content=topbar&utm_medium=internal&utm_campaign=pushsemana6&mkt_kind=seo&prm=ACADUN15100,cripto_legitimas_crudo.csv
https://app.bit2me.com/login,cripto_legitimas_crudo.csv
https://bit2me.com/suite/pro,cripto_legitimas_crudo.csv
https://bit2me.com/buy-compound-ether,cripto_legitimas_crudo.csv
https://bit2me.com/go/www-footer,cripto_legitimas_crudo.csv
https://bit2me.com/buy-huobi-btc,cripto_legitimas_crudo.csv
https://bit2me.com/price,cripto_legitimas_crudo.csv
https://bit2me.com/learn/,cripto_legitimas_crudo.csv
https://bit2me.com/buy-leo-token,cripto_legitimas_crudo.csv
https://bit2me.com/suite/wallet,cripto_legitimas_crudo.csv
https://bit2me.com/price/rujira,cripto_legitimas_crudo.csv
https://blog.bit2me.com/en/,cripto_legitimas_crudo.csv
https://bit2me.com/suite/launchpad,cripto_legitimas_crudo.csv
https://bit2me.com/buy-okb,cripto_legitimas_crudo.csv
https://bit2me.com/brand,cripto_legitimas_crudo.csv
https://academy.bit2me.com/en/cambiar-bitcoin-dinero-efectivo-de-forma-segura/,cripto_legitimas_crudo.csv
https://bit2me.com/buy-cryptocurrencies,cripto_legitimas_crudo.csv
https://status.bit2me.com/,cripto_legitimas_crudo.csv
https://bit2me.com/buy-shiba-inu,cripto_legitimas_crudo.csv
https://bit2me.com/suite/earn,cripto_legitimas_crudo.csv
https://bit2me.com,cripto_legitimas_crudo.csv
https://bit2me.com/business,cripto_legitimas_crudo.csv
https://bit2me.com/suite/loan,cripto_legitimas_crudo.csv
https://bit2me.com/support,cripto_legitimas_crudo.csv
https://bit2me.com/price/huma-finance,cripto_legitimas_crudo.csv
https://academy.bit2me.com/en/como-comprar-bitcoin-en-bit2me/,cripto_legitimas_crudo.csv
https://bit2me.com/api,cripto_legitimas_crudo.csv
https://bit2me.com/suite/launchpad/join,cripto_legitimas_crudo.csv
https://bit2me.com/buy-frax,cripto_legitimas_crudo.csv
https://bit2me.com/price/solana,cripto_legitimas_crudo.csv
https://bit2me.com/learn/cursos/curso-basico-bitcoin-online/,cripto_legitimas_crudo.csv
https://bit2me.com/price/pump-fun,cripto_legitimas_crudo.csv
https://bit2me.com/buy-vechain,cripto_legitimas_crudo.csv
https://bit2me.com/legal/terms,cripto_legitimas_crudo.csv
https://bit2me.com/buy-polkadot,cripto_legitimas_crudo.csv
https://bit2me.com/price/kamino,cripto_legitimas_crudo.csv
https://bit2me.com/suite/card,cripto_legitimas_crudo.csv
https://bit2me.com/learn/cursos/curso-defi/,cripto_legitimas_crudo.csv
https://bit2me.com/security,cripto_legitimas_crudo.csv
https://bit2me.com/buy-paxos-standard,cripto_legitimas_crudo.csv
https://bit2me.com/price/bonfida,cripto_legitimas_crudo.csv
https://bit2me.com/wealth,cripto_legitimas_crudo.csv
https://app.bit2me.com/register,cripto_legitimas_crudo.csv
https://bit2me.com/legal/privacy,cripto_legitimas_crudo.csv
https://academy.bit2me.com/que-es-blake3-algoritmo-hash/,cripto_legitimas_crudo.csv
https://blog.bit2me.com/en/sections/press-release/,cripto_legitimas_crudo.csv
https://up.bit2me.com/bannerhome15,cripto_legitimas_crudo.csv
https://bit2me.com/referrals,cripto_legitimas_crudo.csv
https://www.etoro.com/markets/btc,cripto_legitimas_crudo.csv
https://www.etoro.com/stocks/,cripto_legitimas_crudo.csv
https://www.etoro.com/crypto/,cripto_legitimas_crudo.csv
https://www.etoro.com/markets/aapl,cripto_legitimas_crudo.csv
https://www.etoro.com/customer-service/,cripto_legitimas_crudo.csv
https://www.etoro.com/accounts/sign-up?funnelfromid=105,cripto_legitimas_crudo.csv
https://etoro.com/wp-content/uploads/2025/05/Tax-disclosure-in-English-Finland-eToro-CfD-and-Cryptos.pdf,cripto_legitimas_crudo.csv
https://www.etoro.com/markets/eth,cripto_legitimas_crudo.csv
https://www.etoro.com/markets/tsla,cripto_legitimas_crudo.csv
https://help.etoro.com/s/?language=en_GB,cripto_legitimas_crudo.csv
https://www.etoro.com/investing/interest-on-balance/,cripto_legitimas_crudo.csv
https://www.etoro.com/customer-service/responsible-trading/,cripto_legitimas_crudo.csv
https://www.etoro.com/investing/earnings-reports/,cripto_legitimas_crudo.csv
https://www.etoro.com/about/club/,cripto_legitimas_crudo.csv
https://www.etoro.com/customer-service/tax-report/,cripto_legitimas_crudo.csv
https://www.etoro.com/news-and-analysis/,cripto_legitimas_crudo.csv
https://www.etoro.com/about/media-center/,cripto_legitimas_crudo.csv
https://www.etoro.com/login,cripto_legitimas_crudo.csv
https://www.etoro.com/trading/market-hours-and-events/,cripto_legitimas_crudo.csv
https://www.etoro.com/about/corporate-social-responsibility/,cripto_legitimas_crudo.csv
https://www.etoro.com/ru/,cripto_legitimas_crudo.csv
https://www.etoro.com/es/,cripto_legitimas_crudo.csv
https://www.etoro.com/copytrader/,cripto_legitimas_crudo.csv
https://www.etoro.com/academy/,cripto_legitimas_crudo.csv
https://www.etoro.com,cripto_legitimas_crudo.csv
https://www.etoro.com/trading/demo-account/,cripto_legitimas_crudo.csv
https://www.etoro.com/customer-service/withdraw-faq/,cripto_legitimas_crudo.csv
https://www.etoro.com/it/,cripto_legitimas_crudo.csv
https://www.etoro.com/cs-cz/,cripto_legitimas_crudo.csv
https://www.etoro.com/trading/markets/,cripto_legitimas_crudo.csv
https://www.etoro.com/trading/fees/,cripto_legitimas_crudo.csv
https://www.etoro.com/discover/markets/stocks,cripto_legitimas_crudo.csv
https://www.etoro.com/trading/platforms/,cripto_legitimas_crudo.csv
https://www.etoro.com/digest-and-invest/,cripto_legitimas_crudo.csv
https://www.etoro.com/zh/,cripto_legitimas_crudo.csv
https://www.etoro.com/pl/,cripto_legitimas_crudo.csv
https://www.etoro.com/accounts/sign-up,cripto_legitimas_crudo.csv
https://www.etoro.com/es/customer-service/regulation-license/es-risk-warning/,cripto_legitimas_crudo.csv
https://www.etoro.com/customer-service/account-verification/,cripto_legitimas_crudo.csv
https://www.etoro.com/about/imprint/,cripto_legitimas_crudo.csv
https://www.etoro.com/ar/,cripto_legitimas_crudo.csv
https://www.etoro.com/academy/loudinvesting/,cripto_legitimas_crudo.csv
https://www.etoro.com/crypto/staking/,cripto_legitimas_crudo.csv
https://www.etoro.com/customer-service/deposit-faq/,cripto_legitimas_crudo.csv
https://www.etoro.com/investing/insurance/,cripto_legitimas_crudo.csv
https://www.etoro.com/wp-content/uploads/2023/07/eToro-Cash-Interest-on-Balance-TCs.pdf,cripto_legitimas_crudo.csv
https://www.etoro.com/sv/,cripto_legitimas_crudo.csv
https://www.etoro.com/investing/esg/,cripto_legitimas_crudo.csv
https://www.etoro.com/news-and-analysis/in-depth-analysis/,cripto_legitimas_crudo.csv
https://www.etoro.com/nl/,cripto_legitimas_crudo.csv
https://www.etoro.com/money/,cripto_legitimas_crudo.csv
https://www.etoro.com/vi-vn/,cripto_legitimas_crudo.csv
https://www.etoro.com/trading/currency-accounts/,cripto_legitimas_crudo.csv
https://www.etoro.com/about/careers/,cripto_legitimas_crudo.csv
https://www.etoro.com/trading/avoid-scam-spam-guide/,cripto_legitimas_crudo.csv
https://www.etoro.com/customer-service/accessibility/,cripto_legitimas_crudo.csv
https://www.etoro.com/customer-service/vulnerability-program/,cripto_legitimas_crudo.csv
https://www.etoro.com/customer-service/cookies/,cripto_legitimas_crudo.csv
https://www.etoro.com/en-us/,cripto_legitimas_crudo.csv
https://www.etoro.com/da-dk/,cripto_legitimas_crudo.csv
https://www.etoro.com/au/,cripto_legitimas_crudo.csv
https://www.etoro.com/copytrader/popular-investor/,cripto_legitimas_crudo.csv
https://www.etoro.com/pt-pt/,cripto_legitimas_crudo.csv
https://www.etoro.com/customer-service/regulation-license/es-risk-warning/,cripto_legitimas_crudo.csv
https://www.etoro.com/investing/retail-investor-beat/,cripto_legitimas_crudo.csv
https://www.etoro.com/customer-service/terms-conditions/,cripto_legitimas_crudo.csv
https://www.etoro.com/customer-service/regulation-license/,cripto_legitimas_crudo.csv
https://www.etoro.com/copytrader/how-it-works/,cripto_legitimas_crudo.csv
https://www.etoro.com/investing/portfolios/,cripto_legitimas_crudo.csv
https://www.etoro.com/about/reviews/,cripto_legitimas_crudo.csv
https://www.etoro.com/markets/nio,cripto_legitimas_crudo.csv
https://www.etoro.com/about/our-offices/,cripto_legitimas_crudo.csv
https://www.etoro.com/customer-service/privacy/,cripto_legitimas_crudo.csv
https://www.etoro.com/customer-service/key-information-documents/,cripto_legitimas_crudo.csv
https://www.etoro.com/trading/academy/leverage-margin/,cripto_legitimas_crudo.csv
https://www.etoro.com/discover/markets,cripto_legitimas_crudo.csv
https://www.etoro.com/ro/,cripto_legitimas_crudo.csv
https://www.etoro.com/customer-service/how-to-open-etoro-account/,cripto_legitimas_crudo.csv
https://www.etoro.com/news-and-analysis/trading/trading-basics-buy-and-sell-explained/,cripto_legitimas_crudo.csv
https://www.etoro.com/fr/,cripto_legitimas_crudo.csv
https://www.etoro.com/investing/portfolios/partners/,cripto_legitimas_crudo.csv
https://www.etoro.com/about/,cripto_legitimas_crudo.csv
https://www.etoro.com/discover/markets/cryptocurrencies,cripto_legitimas_crudo.csv
https://www.etoro.com/zh-tw/,cripto_legitimas_crudo.csv
https://www.etoro.com/invite/,cripto_legitimas_crudo.csv
https://investors.etoro.com/,cripto_legitimas_crudo.csv
https://www.etoro.com/,cripto_legitimas_crudo.csv
https://www.etoro.com/trading/markets/research/,cripto_legitimas_crudo.csv
https://www.etoro.com/de/,cripto_legitimas_crudo.csv
https://www.etoro.com/fi/,cripto_legitimas_crudo.csv
https://www.etoro.com/accounts/sign-up?funnelfromid=57,cripto_legitimas_crudo.csv
https://www.etoro.com/investing/delta/,cripto_legitimas_crudo.csv
https://www.etoro.com/nb-no/,cripto_legitimas_crudo.csv
https://www.etoro.com/markets/shibxm,cripto_legitimas_crudo.csv
https://www.etoro.com/customer-service/general-risk-disclosure/,cripto_legitimas_crudo.csv
