rank,domain
750,amazon.es
965,elmundo.es
1029,abc.es
1170,google.es
1278,sport.es
1438,eltiempo.es
1487,xnxx.es
1489,xvideos.es
3264,rtve.es
4036,20minutos.es
4534,eldiario.es
4770,elcorteingles.es
4884,rae.es
5108,eleconomista.es
5128,larazon.es
5483,tripadvisor.es
5535,fotocasa.es
6007,boe.es
6020,lavozdegalicia.es
6124,blogspot.com.es
6155,carrefour.es
6530,aemet.es
6550,telecinco.es
6558,heraldo.es
6668,europapress.es
7560,leroymerlin.es
7584,decathlon.es
7691,juntadeandalucia.es
7803,aepd.es
7873,lidl.es
7885,orange.es
7909,clara.es
8023,zalando.es
8348,fotogramas.es
8546,flashscore.es
8563,semana.es
8610,agenciatributaria.gob.es
8630,seg-social.gob.es
8836,loteriasyapuestas.es
8870,skyscanner.es
8899,administracionelectronica.gob.es
9062,csic.es
9529,juegosonce.es
9818,obramat.es
9819,fragrantica.es
10042,aeolservice.es
10100,tvguia.es
10141,sepe.gob.es
10708,ucm.es
10880,upm.es
11516,nic.es
11734,publico.es
12158,unirioja.es
12305,uv.es
12336,gva.es
12925,tedra.es
13088,huffingtonpost.es
13128,cope.es
13396,ebay.es
13458,pinterest.es
13527,ugr.es
13578,vogue.es
13636,rediris.es
14081,upv.es
14828,bbva.es
14931,us.es
14993,freepik.es
15630,bancosantander.es
15931,lasprovincias.es
15935,movistar.es
16110,lne.es
16223,revistavanityfair.es
16417,elcomercio.es
16495,usal.es
16603,uecdn.es
16621,manomano.es
16892,farodevigo.es
16983,uned.es
17049,unizar.es
17351,nationalgeographic.com.es
17498,cervantes.es
17500,mediamarkt.es
17512,diariodenavarra.es
17649,sarenet.es
17750,movistarplus.es
17904,alsa.es
18202,uma.es
18242,ultimahora.es
18520,eldiariomontanes.es
18592,aena.es
18613,druni.es
18735,bet365.es
18772,instyle.es
18801,agpd.es
18929,esy.es
19140,mi-dominio.es
19432,vinted.es
19487,ua.es
19531,um.es
19617,lavuelta.es
19755,jazztel.es
19922,caixabank.es
20074,edreams.es
21011,uam.es
21051,getyourguide.es
21070,trivago.es
21151,bricodepot.es
21334,diezminutos.es
21398,jcyl.es
21650,eurosport.es
21793,bonviveur.es
22069,primeriti.es
22143,trevenque.es
22309,ine.es
22490,citapreviadnie.es
22699,administracionespublicas.gob.es
23054,arsys.es
23101,jysk.es
23469,just-eat.es
23474,uc3m.es
23880,seg-social.es
23985,vodafone.es
24385,isciii.es
24518,wanadoo.es
24522,uniovi.es
24849,museodelprado.es
25364,elsevier.es
25642,ifema.es
26012,uva.es
26032,madrid.es
26160,ionos.es
26421,ondacero.es
26457,diariodesevilla.es
26547,betfair.es
26682,ehu.es
27102,navarra.es
27407,unidadeditorial.es
27950,gaug.es
27960,ticketmaster.es
28006,prensaiberica.es
28397,telefonica.es
28907,ideal.es
29066,monster.es
29089,mcu.es
29185,dgt.es
29725,correos.es
30032,caib.es
30201,ub.es
30234,diariosur.es
30993,haystack.es
31110,bolsasymercados.es
31405,businessinsider.es
31844,nintendo.es
31876,metooo.es
32132,bne.es
32733,laverdad.es
33191,fnac.es
33213,uclm.es
33322,uji.es
33401,webnode.es
33879,terra.es
33889,aragon.es
33923,ujaen.es
34016,iberdrola.es
34222,carm.es
34400,glamour.es
34652,uab.es
34816,ulpgc.es
34943,mediaset.es
35746,miravia.es
36059,uvigo.es
36175,sepe.es
36203,usc.es
36449,urjc.es
36584,telemadrid.es
36595,uah.es
36685,ull.es
37037,ing.es
37176,cruzroja.es
37492,museoreinasofia.es
37598,serviciodecorreo.es
37619,blogs.es
37864,game.es
37907,linguee.es
38240,pandect.es
38349,socy.es
38479,uca.es
38487,hoy.es
38635,eventbrite.es
38643,airbnb.es
38714,digimobil.es
38768,mediasmart.es
39166,uco.es
39467,hol.es
39512,diariodemallorca.es
39711,bde.es
41002,bsc.es
41045,epi.es
41109,udc.es
41742,contrataciondelestado.es
